gene_id,abundance
NP_418415.1,2779
NP_418414.1,3957
NP_414660.1,7596
YP_026170.1,2456
NP_417679.2,2859
NP_414656.1,5815
NP_415757.1,4851
NP_417798.1,252452
NP_418273.1,51584
NP_418567.1,22739
NP_414574.1,4445
NP_415423.1,4615
NP_414555.1,18605
NP_417637.1,3047
NP_418222.1,33338
NP_418391.1,3633
NP_417177.1,1948
NP_417799.1,39027
NP_418016.1,2914
NP_416958.1,469
NP_415431.1,23797
NP_415175.1,1846
NP_414543.1,5703
NP_415254.1,1706
NP_414567.1,2166
NP_415933.1,3501
NP_414640.1,706
NP_416380.1,2272
NP_416228.1,5023
NP_418679.1,1719
NP_418001.1,4939
NP_414657.1,9057
NP_418377.1,2199
NP_416734.1,750
NP_415654.1,33670
NP_418188.1,24156
NP_415452.1,1296
NP_416191.1,8902
NP_418439.1,28173
NP_416129.1,1352
NP_415534.1,128
YP_025308.1,1180
NP_415006.1,2096
NP_414712.1,19872
NP_416911.1,10158
NP_417640.1,8325
NP_418361.1,496
NP_416800.1,1148
NP_414970.1,24929
NP_414719.1,2029
NP_417633.4,3171
NP_418449.1,4601
NP_415251.1,2083
NP_414973.1,1139
NP_418493.1,995
NP_416217.1,1158
NP_417002.1,3870
NP_415444.1,199
NP_418808.1,2571
YP_026241.1,842
NP_415602.1,848
NP_416234.1,939
NP_417401.1,40039
NP_416275.1,6343
NP_417046.1,24510
NP_415759.1,5755
NP_414637.1,6070
NP_418438.1,4393
NP_416786.4,934
NP_417243.1,3011
NP_418300.1,440
NP_416293.1,47083
NP_418434.1,2728
NP_418164.4,613
NP_415792.1,595
NP_416789.2,935
NP_418306.1,17828
NP_414616.1,2711
NP_418045.4,589
NP_416637.1,608
NP_417450.1,282
NP_415248.1,9671
NP_415139.2,2435
NP_415477.1,119680
NP_418185.1,4025
NP_414736.1,4322
NP_417776.1,14191
NP_416737.1,560
NP_417955.1,1350
YP_026169.1,13683
NP_417884.1,135
NP_418190.1,14552
NP_417244.1,3317
NP_417645.1,2236
NP_418230.1,3243
NP_417417.1,12499
NP_417003.1,11237
NP_415017.1,2769
NP_417638.1,5576
NP_417754.1,14575
NP_417366.1,2565
NP_416617.1,2082
NP_416533.1,14100
NP_416655.1,3223
YP_026223.1,22968
NP_418443.1,421
NP_417703.1,53138
YP_026274.1,3013
NP_416131.1,1215
NP_414692.1,873
NP_414975.1,1057
NP_415802.1,1260
NP_415206.1,999
NP_417400.1,20049
NP_416909.1,73308
NP_416297.1,519
NP_417231.1,1520
NP_416344.1,506
NP_418288.1,173
NP_415214.1,1344
NP_414549.1,10629
NP_418681.1,1076
NP_414545.1,14609
NP_414658.1,12596
NP_414859.1,1474
NP_414595.1,1554
NP_418600.4,251
NP_415450.1,5528
NP_415413.1,2528
NP_418458.1,2142
NP_418666.1,8888
YP_026248.1,1199
NP_416202.1,231
NP_416660.1,575
NP_415403.1,530
NP_414703.1,3338
NP_414596.1,523
NP_415790.1,355
NP_416390.1,941
NP_416899.1,2561
NP_414711.1,29156
NP_416636.1,157
NP_416599.2,4939
NP_415619.1,2775
NP_415580.1,4485
NP_418395.1,2883
NP_415200.1,1154
NP_415448.1,6985
NP_415256.1,6213
NP_415257.1,6924
NP_414972.1,3251
NP_418366.1,1367
NP_415632.1,73
NP_416229.1,5078
NP_417722.1,1810
NP_416826.1,13467
NP_414756.2,86
NP_416598.1,1413
NP_418598.1,6863
NP_417260.1,960
NP_415780.1,1090
NP_417680.1,2965
NP_418127.1,1823
NP_415996.2,528
NP_415252.1,2481
NP_418069.1,2656
NP_415107.1,356
NP_418595.1,1349
NP_417507.2,4884
NP_417767.1,31769
NP_414727.1,3825
NP_418465.4,192
NP_416823.1,737
NP_415427.1,18150
NP_416959.1,1446
NP_418022.1,260
NP_416366.1,1234
NP_418448.1,3720
NP_417091.1,1416
NP_416430.1,11402
NP_415255.1,5252
NP_417862.1,1147
NP_418656.1,1295
NP_417374.1,1610
NP_415116.1,374
NP_415326.1,202
NP_415097.1,13908
NP_418482.1,127
NP_418687.1,601
NP_416254.1,3939
NP_417259.1,36150
YP_026188.1,3883
NP_418801.1,2764
NP_416056.1,591
NP_417018.4,3155
NP_416813.1,6161
NP_414867.1,470
NP_418397.2,445
NP_417484.1,1052
NP_415118.1,43
NP_414996.1,2423
NP_415449.1,24017
NP_416972.4,1753
NP_417009.1,1889
NP_418411.1,28502
NP_415804.1,5014
NP_418460.1,903
YP_026218.1,274
NP_418351.1,1448
NP_418056.1,570
NP_418207.1,5038
NP_415649.1,1933
NP_417818.1,3919
NP_414614.1,2763
NP_415777.1,5377
NP_417379.1,337
NP_418375.1,343
NP_415188.1,4936
NP_417717.2,3277
NP_417957.1,986
NP_416787.1,393
NP_418076.1,2898
NP_417101.1,925
NP_414942.1,430
NP_415969.1,3466
NP_416920.1,3914
NP_417064.1,748
NP_416719.1,33621
NP_418227.1,497
NP_417866.4,169
NP_414601.1,84
NP_417773.1,15952
NP_418074.1,172
NP_418800.1,1012
NP_416368.1,1902
NP_418354.1,7438
NP_417643.1,1087
NP_416331.1,2291
NP_415007.1,5283
NP_415275.1,6678
NP_417413.1,1295
NP_418376.1,4385
NP_418688.1,274
NP_417147.1,718
NP_415627.1,662
NP_417616.1,490
NP_414868.1,93
NP_417015.1,29
NP_415333.1,4698
NP_415537.1,636
NP_415360.1,988
NP_415752.1,1619
NP_415733.1,2645
NP_418792.1,825
NP_417755.1,13608
NP_417800.1,54022
NP_417080.4,296
NP_418401.1,676
NP_417388.1,11353
NP_416600.4,2160
NP_415288.1,1802
NP_416363.1,2379
NP_417891.1,13769
NP_417148.1,599
NP_417904.1,172
NP_418289.1,1239
NP_414778.1,944
NP_414777.1,680
NP_415693.1,2776
NP_414953.2,465
NP_414966.1,2616
NP_415522.1,501
NP_415566.1,993
NP_415191.1,215
NP_415648.1,2967
NP_417795.1,3413
NP_417104.1,5905
NP_418186.1,409
NP_415106.1,2333
NP_417779.1,16502
NP_417010.1,590
NP_415451.1,593
NP_417377.1,369
NP_418799.1,135
NP_418275.1,1726
NP_416993.2,23305
NP_415725.1,7428
NP_418392.1,2145
NP_418562.4,110
NP_414708.1,10996
NP_416523.1,4025
NP_414772.1,2408
NP_417384.1,617
YP_025294.2,441
NP_416812.1,10759
NP_416799.1,3062
NP_416128.1,498
NP_418189.1,2307
NP_418330.1,13
NP_416121.1,2729
NP_417172.1,6890
NP_416797.2,1232
NP_417485.4,328
NP_418684.1,174
NP_414739.1,29884
NP_416546.1,4865
NP_417656.1,650
NP_416545.1,1009
NP_417179.1,1514
NP_416906.1,290
NP_417071.1,301
NP_415839.1,132
NP_414710.1,1479
NP_417762.1,18042
NP_418621.5,17452
NP_415194.1,967
NP_415604.1,152
NP_416154.1,2277
NP_417173.1,550
NP_414696.1,2909
YP_026269.1,929
NP_414954.1,298
NP_414666.1,43
NP_418057.1,725
NP_416960.1,754
NP_415715.1,66
NP_415205.1,266
NP_418433.1,2115
NP_415465.1,1545
NP_418200.1,1766
NP_414572.1,3082
NP_418220.1,140
NP_418478.1,1770
NP_415332.1,6759
NP_416120.1,1938
NP_416119.1,2977
NP_418009.2,1788
NP_417524.1,802
NP_414995.1,282
NP_415268.1,1690
NP_417816.1,2048
NP_415585.1,858
NP_417526.1,287
NP_417811.1,56
NP_414774.1,248
NP_415284.1,757
NP_415138.1,58487
NP_416975.1,7595
NP_417021.1,587
NP_417696.1,4718
NP_415408.1,4439
NP_417701.1,846
NP_415165.1,1349
NP_418809.4,80
NP_417631.2,560
NP_417877.1,21
NP_418409.1,3934
NP_417539.1,648
NP_417367.1,1682
NP_415721.1,2762
NP_415609.1,2120
NP_414957.1,198
NP_415277.1,1240
NP_415276.1,12056
NP_418673.4,15854
NP_418798.1,1162
NP_416971.1,8188
NP_414871.1,3065
NP_417092.1,2076
NP_417381.1,662
NP_415776.1,4387
NP_414573.1,9256
NP_417915.1,2647
NP_416365.1,81
NP_414636.1,572
NP_416744.1,14
NP_418769.1,346
NP_417921.1,1149
NP_417847.1,911
NP_416511.4,20277
NP_418101.1,710
NP_415341.1,343
NP_415626.4,793
NP_417006.2,267
NP_417659.1,1567
NP_418344.3,21660
NP_414556.1,688
NP_418596.1,1290
NP_416585.1,265
NP_415280.3,621
NP_416540.1,836
NP_415104.1,1475
NP_415300.1,134
NP_418396.1,395
NP_416175.1,826
NP_418553.1,493
NP_417764.1,18104
NP_414940.1,846
NP_417843.1,1818
NP_415613.1,1917
NP_415611.1,4675
NP_416658.1,14176
NP_414651.1,631
NP_415278.1,369
NP_416889.1,497
NP_416130.3,914
NP_416237.3,939
NP_415718.6,754
NP_418653.1,944
NP_416654.1,25
NP_417910.1,113
NP_415428.1,2056
NP_416525.1,2203
NP_416524.1,3447
NP_415641.1,3341
NP_415957.1,82
NP_417090.1,1584
NP_415384.1,1927
NP_415779.1,1025
NP_414615.4,4588
NP_417474.1,167
NP_415961.1,313
NP_417719.1,1097
NP_417929.4,2176
NP_415948.1,1470
NP_414757.1,3370
NP_418096.4,252
NP_416531.4,1637
NP_415849.1,1445
NP_417864.1,828
NP_415193.2,734
NP_417151.1,1857
NP_415524.1,5306
NP_418162.1,292
NP_417012.1,215
NP_416996.1,60
NP_416917.1,705
NP_417806.1,5679
NP_417860.2,2363
NP_416196.1,252
NP_414627.1,512
NP_418077.1,189
YP_026164.1,59
NP_415059.1,550
NP_414714.1,5649
NP_416233.1,6930
NP_417765.1,22152
NP_418047.1,49
NP_415610.1,3385
NP_418247.1,587
NP_414676.1,2579
NP_414675.1,1286
NP_417422.1,1279
NP_416912.1,33524
NP_417888.1,240
NP_418742.1,395
NP_416414.1,35
NP_416674.1,301
,580
NP_416489.1,426
NP_414646.1,1145
NP_416815.1,771
NP_415013.1,363
NP_418394.3,6391
NP_416208.1,881
YP_026231.1,553
NP_418374.1,1916
NP_417481.1,2128
NP_416278.1,708
NP_417232.1,1300
NP_417242.1,1861
NP_417295.1,333
NP_416526.4,2794
NP_415392.1,258
NP_416742.1,164
NP_418191.1,7700
NP_414890.1,551
NP_415110.1,1503
NP_416543.1,635
NP_414687.1,5844
YP_026161.1,2318
NP_418818.1,3367
NP_417264.1,64
NP_415894.4,1378
NP_415140.1,1174
NP_417700.2,5444
NP_418213.1,5671
NP_417007.1,962
NP_415966.6,663
NP_418594.1,239
NP_415753.1,22541
NP_417155.1,6863
NP_416057.1,1891
NP_417086.1,1372
NP_418585.4,374
NP_416241.1,519
NP_416926.4,489
NP_418635.1,917
NP_418180.1,338
NP_418327.1,373
NP_414709.1,126
NP_415582.1,2666
NP_417822.1,2576
NP_415840.1,24694
NP_417463.4,769
NP_415788.1,413
NP_414915.1,140
NP_417970.1,13
NP_414927.1,561
NP_416227.1,4676
NP_415791.1,523
NP_416341.1,546
NP_415409.1,6092
NP_418410.1,11140
NP_416690.1,20176
NP_417697.1,8821
NP_416819.1,1660
NP_416846.2,472
NP_418584.1,1620
NP_416319.1,150
NP_417476.1,150
NP_415303.1,2560
NP_418285.1,244
NP_415204.1,550
NP_417563.1,143
NP_415716.4,340
NP_416333.4,341
NP_418648.1,99
NP_415748.1,2304
NP_418634.1,134
NP_418393.1,1718
NP_416916.1,1533
NP_415645.1,262
NP_418048.1,181
NP_415321.1,716
NP_416973.1,3589
NP_417997.1,309
NP_417462.1,184
NP_416195.1,508
NP_415778.3,804
NP_417998.1,367
NP_416788.1,748
NP_415322.1,1634
NP_415924.1,413
NP_418192.1,8988
NP_417047.1,149
NP_418475.1,871
NP_418161.1,842
NP_417952.1,37520
NP_415739.1,1239
NP_414547.1,803
NP_414960.2,10057
NP_415004.1,6880
NP_415940.1,43
NP_415469.1,156
NP_416691.1,833
NP_417275.1,199
NP_417672.1,231
NP_417897.1,424
NP_416476.1,628
NP_417668.1,1635
NP_416714.1,146
NP_417615.1,383
NP_415417.1,1884
NP_418117.1,1867
NP_417016.4,821
NP_416015.2,14
NP_418184.1,305
NP_414693.1,154
NP_416225.1,1158
NP_417369.1,1421
NP_418297.1,4138
NP_416198.2,266
NP_416197.1,628
NP_415359.4,627
NP_416152.1,685
NP_416433.1,3
NP_416192.1,48939
NP_414691.1,91
NP_414633.1,435
NP_414628.1,530
NP_415269.1,18234
NP_414624.1,374
NP_418476.1,207
NP_415931.4,32
NP_416263.1,658
NP_415202.1,124
NP_418467.1,560
NP_415820.1,934
NP_417746.1,715
NP_417778.1,21084
NP_417769.1,7098
NP_417753.1,18397
NP_417768.1,49826
NP_417780.1,39792
NP_417757.1,23450
NP_415356.1,326
YP_026272.1,425
NP_416136.1,197
NP_416844.1,23
NP_416843.1,24
YP_026260.1,224
NP_418246.1,144
NP_415271.1,368
NP_415062.1,1861
NP_415125.1,193
NP_416735.1,1335
NP_415551.2,1020
NP_417389.1,2758
NP_415293.1,1377
NP_416034.1,88
NP_417028.1,1439
NP_416994.1,2544
NP_415797.1,1507
NP_416832.1,798
NP_415707.1,51
NP_416867.1,67
NP_414613.1,5119
NP_415375.1,3029
NP_414544.1,594
YP_026215.2,2112
NP_418126.1,1075
NP_415391.1,316
NP_417492.1,47
YP_025300.1,144
NP_415381.1,9359
NP_418647.1,8350
NP_415261.2,344
NP_414965.1,957
NP_417552.1,43
NP_417437.1,3446
NP_417145.4,56
NP_415176.1,540
NP_418779.2,77
NP_417944.1,179
NP_415102.1,217
NP_416721.1,2769
NP_415340.1,3469
NP_415574.1,2094
NP_418302.1,1175
NP_416221.1,70
NP_418071.4,126
NP_418793.1,10489
NP_415485.4,1847
NP_417622.2,288
NP_418152.1,511
NP_418169.1,1687
NP_414754.1,219
NP_415467.1,212
NP_417738.4,840
NP_414665.1,1034
NP_417676.2,1274
NP_415127.1,243
NP_417660.1,1098
NP_415209.1,6492
NP_414668.1,3642
NP_415281.1,233
NP_418352.1,1357
NP_416371.4,434
NP_417022.1,845
NP_417573.1,107
NP_416292.1,1301
NP_415952.2,27
NP_417855.4,31
NP_415335.1,22443
YP_025304.1,14116
NP_416578.2,126
NP_417399.1,2854
NP_417648.4,2449
NP_417221.1,219
NP_414685.4,43
NP_418412.1,34448
NP_417698.1,31492
NP_417097.1,5503
NP_416688.1,1510
NP_418017.1,1660
NP_416253.1,4610
NP_416921.4,122
NP_415296.1,366
NP_415161.1,437
NP_416179.1,746
NP_418286.1,643
NP_417886.1,135
NP_415203.1,282
NP_415201.1,1268
NP_418021.1,48
NP_416294.4,2162
NP_417889.1,111
NP_418459.1,87
NP_418205.1,18
NP_418023.1,94
NP_416648.1,257
NP_414667.4,1285
NP_416570.2,192
NP_416738.1,449
NP_418665.1,19076
NP_418675.1,805
NP_418437.1,2687
NP_414662.1,1780
NP_417510.1,386
NP_416594.1,128
NP_414620.1,1533
NP_417912.1,203
NP_415763.1,57
NP_415552.1,239
NP_418368.1,172
NP_416616.4,1317
NP_418197.1,84
NP_417024.1,9431
NP_418062.1,148
NP_416790.1,305
NP_418187.1,10112
NP_418578.1,37
NP_415896.1,65
NP_416538.1,789
NP_414705.1,1708
NP_414686.3,48
NP_414652.1,167
NP_416925.2,14
YP_026270.1,648
NP_416257.1,424
YP_026207.1,50
NP_415130.1,361
NP_415270.1,1385
NP_415646.4,821
NP_417008.1,1013
NP_416218.1,293
YP_025305.1,296
NP_418491.1,40
YP_026268.1,682
NP_416418.1,3237
NP_415520.1,131
NP_415058.1,2305
NP_417808.1,19681
NP_415025.4,2692
NP_417525.1,25
NP_414971.1,8821
NP_415999.1,7596
NP_417536.1,199
NP_415438.1,546
NP_417222.1,344
NP_418088.1,49
NP_415468.1,102
NP_416374.1,235
NP_417856.1,561
NP_414950.1,1086
NP_417062.1,654
NP_415638.2,594
NP_417669.1,298
NP_418106.1,9115
NP_416604.1,65
NP_414622.1,148
NP_418571.1,17940
NP_418624.1,34889
NP_418413.1,61706
NP_418094.1,9795
NP_417761.1,8298
NP_418788.1,665
NP_418473.3,198
NP_416676.4,3519
NP_417076.1,1126
NP_414715.1,72
NP_415128.1,142
NP_418405.1,275
NP_416818.1,364
NP_414903.4,440
NP_415348.1,539
NP_414594.1,184
NP_415793.1,311
NP_414949.1,7341
NP_417402.1,112
NP_416673.1,56
NP_417875.1,65
NP_414865.1,23
NP_418660.1,4
NP_416239.1,194
NP_418689.1,15
NP_418208.1,66
NP_416140.1,253
NP_415002.1,3061
NP_417013.1,11665
NP_414713.1,710
NP_416528.2,2121
NP_416527.1,1575
NP_414920.1,549
NP_417277.1,37
NP_417440.4,86
NP_416822.1,456
YP_026247.1,2609
NP_416429.4,987
NP_416004.1,16
NP_416009.1,62
NP_417412.1,1283
NP_418073.1,181
NP_415605.2,2340
NP_417020.1,2742
NP_418380.4,54
NP_417824.1,3
NP_415132.1,727
NP_416361.2,1716
NP_416438.1,1666
NP_417527.1,273
NP_418812.1,365
NP_417391.1,625
NP_417074.1,901
NP_418771.1,34
NP_417759.1,651
NP_417478.1,368
NP_418066.1,16735
NP_418304.1,129
NP_416583.1,276
NP_418348.1,933
NP_416125.2,243
NP_418107.1,14
NP_415103.1,929
NP_417497.1,70
NP_416769.1,7256
NP_415238.1,4327
NP_415932.1,240
NP_416378.1,792
NP_417501.1,610
NP_417667.1,1083
NP_417011.1,1543
NP_417225.1,233
NP_417376.1,700
NP_415856.1,57
NP_417500.1,447
NP_415282.1,135
NP_416243.1,2230
NP_416421.1,803
NP_416439.1,23
NP_418257.1,247
NP_414743.1,91
NP_417286.1,122
NP_418772.4,165
NP_417956.1,302
NP_415126.1,92
NP_418260.1,276
NP_418663.1,65
NP_414741.1,1090
NP_418068.1,1372
NP_417541.1,435
NP_418566.1,14801
NP_417873.1,3753
NP_417298.1,49
NP_417815.1,438
NP_417411.2,454
NP_414634.1,511
NP_417188.4,55
NP_415727.1,256
NP_416296.1,3328
NP_414720.1,8224
NP_416520.1,327
NP_415841.4,102
NP_416680.1,1782
NP_418157.1,66
NP_418156.1,577
NP_416664.1,205
NP_418483.1,3612
NP_415432.1,5360
NP_417491.1,125
NP_415705.1,186
NP_418813.1,102
NP_416159.2,785
NP_418558.2,520
NP_417314.1,64
NP_417026.1,7687
NP_417169.1,1085
NP_416135.1,139
NP_418592.1,80
NP_417636.1,1535
NP_417760.1,6986
NP_417774.1,49717
NP_418371.1,8141
NP_417635.1,77
NP_415651.4,500
NP_417099.4,776
NP_418601.1,471
NP_417085.1,391
NP_416101.1,90
NP_416821.1,45
NP_418664.2,9263
NP_415474.1,2067
NP_414722.1,4930
NP_415930.1,802
NP_415787.1,319
NP_417319.1,52
NP_417059.1,645
NP_416384.1,556
NP_414959.1,25
NP_417513.1,371
NP_417887.1,331
NP_416743.1,53
NP_416410.1,199
NP_415717.1,95
NP_416672.1,172
NP_416596.1,6458
NP_416597.1,5671
NP_418036.1,10
NP_415430.1,950
NP_414773.1,3383
NP_415055.1,227
NP_418748.1,223
NP_415184.1,143
NP_414571.1,42
NP_417848.1,305
NP_416219.1,300
NP_416967.1,74
NP_416529.1,1029
NP_417315.1,726
NP_415577.1,813
NP_414663.1,1040
NP_417692.1,81
NP_417911.4,220
NP_415644.1,249
NP_416633.1,118
NP_418324.1,134
NP_417920.1,250
NP_415410.1,33
NP_415692.1,2057
NP_415442.1,54
NP_417820.1,283
NP_415210.1,8651
NP_415279.1,151
NP_417279.2,41
NP_415492.1,1
NP_415816.1,116
NP_415898.1,566
NP_417079.1,17
NP_414838.2,18
NP_418586.4,509
NP_415500.1,9
NP_414755.1,1704
NP_417905.1,107
NP_418010.2,1714
NP_416802.1,1419
NP_415567.1,84
YP_026253.1,116
NP_415941.5,93
NP_414701.1,2180
NP_415635.4,500
NP_418770.2,4
NP_414669.1,272
NP_415434.1,152
NP_418280.4,2477
NP_417479.1,819
NP_417063.1,147
NP_414943.1,465
NP_417306.1,42
NP_416720.1,33
NP_418774.2,14
NP_415222.1,59
NP_415113.1,53
NP_415425.4,437
NP_415697.4,127
NP_415774.1,270
NP_416054.1,110
NP_416183.1,42
NP_416301.1,438
NP_416360.1,480
NP_416584.4,386
NP_417397.1,948
NP_417496.1,1669
NP_418295.1,2511
NP_415105.1,29517
NP_417274.1,59
NP_416608.1,494
NP_417639.6,609
NP_418655.1,166
NP_417514.4,1520
NP_418363.1,10839
NP_416989.1,177
NP_416713.1,214
NP_417695.1,353
NP_415212.1,204
NP_415287.1,352
NP_416803.3,907
NP_416807.1,95
NP_417426.1,208
NP_417896.1,81
NP_417984.1,116
NP_417650.1,418
NP_415487.4,172
NP_414958.4,370
NP_416970.1,126
NP_417619.1,754
NP_417577.1,33
YP_026267.1,854
NP_415586.1,39
NP_417230.1,834
NP_417950.1,208
NP_416173.1,4213
NP_416163.1,346
NP_418628.4,4381
NP_415422.1,189
NP_417083.1,119
NP_416804.1,191
NP_418049.1,637
NP_418228.2,20951
NP_417207.1,24
NP_416280.1,53
NP_416400.1,2
NP_416178.1,71
NP_415708.1,28
NP_416544.1,761
NP_417963.4,552
NP_417981.2,16
YP_026228.1,344
NP_418583.1,14
NP_415768.1,108
YP_026237.1,9
NP_416181.1,85
NP_414968.4,4572
NP_414998.1,7
NP_415618.1,43
NP_417213.1,39
NP_415213.1,1357
NP_414793.1,56
NP_417540.1,241
NP_417368.1,5
NP_417423.4,410
NP_418373.1,990
NP_417689.4,7
NP_415338.1,148
NP_414947.1,211
NP_414806.1,37
NP_415722.1,733
NP_417775.1,19008
NP_417537.1,28385
NP_417098.1,121
NP_414600.1,118
NP_415783.6,706
NP_417713.2,85
NP_417721.1,2574
NP_417321.2,19
NP_417594.3,27
NP_415295.1,139
NP_417644.4,223
NP_416765.1,558
NP_415304.1,316
NP_416155.1,302
NP_414566.1,160
NP_416931.1,116
NP_414948.1,194
NP_416437.1,109
NP_416364.1,3635
NP_418725.4,5
NP_414805.1,25
NP_417082.1,124
NP_417597.1,9
NP_418360.1,187
NP_417983.2,547
NP_416033.1,85
NP_418028.1,23
NP_416910.1,24850
NP_418535.1,268
NP_417671.1,861
NP_418588.1,48
NP_418105.1,437
NP_415616.1,204
NP_416997.1,31
NP_417429.1,677
NP_418064.1,400
NP_416281.1,554
NP_414802.2,42
NP_416793.1,100
NP_416880.1,93
NP_416262.1,44
NP_415330.1,698
NP_415349.1,67
NP_415845.2,67
NP_417163.1,29
NP_415958.1,24
NP_418070.6,57
NP_418329.1,4
NP_418065.1,327
NP_416784.1,294
NP_416167.1,99
NP_415406.1,77
NP_415407.1,60
,1960
NP_418461.1,240
NP_416127.1,18
NP_415386.1,1344
NP_417568.2,503
NP_418820.1,70
NP_418301.3,1218
NP_417292.1,48
NP_417170.1,44
NP_415806.1,30
NP_415316.1,81
NP_418144.3,107
YP_026277.1,328
NP_414591.1,57
NP_417066.1,91
NP_418305.1,66
NP_417262.1,227
NP_416409.1,260
NP_418358.1,320
NP_416697.1,251
NP_416346.4,1051
NP_415014.1,519
NP_415773.1,309
NP_416298.1,20
NP_416490.1,2098
NP_416484.2,431
NP_415445.1,65
NP_418346.2,74
NP_418427.1,100
NP_416193.1,516
NP_418290.4,108
NP_418480.1,200
NP_418811.2,415
NP_414644.1,294
NP_418321.4,131
NP_418479.1,84
NP_418593.1,1514
NP_416036.1,97
NP_417711.1,371
NP_415294.1,316
NP_415573.1,67
NP_416348.2,10
NP_416678.1,55
NP_416693.1,24
NP_416796.2,1220
NP_417558.2,186
NP_417451.1,148
NP_417810.1,115
NP_416923.1,39
NP_417632.1,299
NP_414978.1,306
NP_418202.4,33
NP_415447.1,842
NP_415606.1,1173
NP_415843.2,48
NP_415563.1,69
NP_417175.1,159
NP_418589.1,914
NP_414885.1,256
NP_415698.1,103
NP_415620.1,19
NP_418181.1,113
NP_415011.1,86
NP_417926.1,12
NP_418067.1,4265
NP_418142.1,363
NP_418640.1,687
NP_417223.1,188
NP_418223.1,1088
NP_417110.1,330
NP_417702.1,74
NP_416171.1,6421
NP_415475.1,39
NP_417257.1,192
NP_416568.1,25
NP_414626.1,11
NP_415411.2,716
NP_414723.1,974
NP_414724.1,31
NP_418654.1,353
NP_414632.1,92
NP_414945.1,1329
NP_416536.1,61
NP_417664.1,84
NP_415399.4,32
NP_416848.1,344
NP_416635.1,118
NP_418078.1,62
YP_026255.1,41
NP_418196.1,409
NP_418232.2,140
NP_415482.1,38
NP_418428.1,132932
NP_417075.1,113
YP_026280.1,147
NP_417502.1,39
NP_417004.1,35
YP_026222.1,577
NP_414880.2,11
NP_418423.1,239
NP_415039.1,206
NP_417194.2,17
YP_026246.1,73
NP_417068.1,389
NP_414928.2,201
NP_417745.1,886
NP_417725.1,201
NP_414939.1,415
NP_417772.1,33115
NP_417763.1,6146
NP_417653.1,7358
NP_417756.1,10769
NP_417801.1,2322
NP_417100.1,65082
NP_414564.1,28843
NP_416833.4,1405
NP_417088.1,2154
NP_414593.1,253
NP_415947.1,224
NP_417741.1,414
NP_415726.1,186
NP_417226.1,1486
NP_415299.1,440
NP_415297.1,72
NP_414590.1,295
NP_416806.1,1182
NP_418303.2,77
NP_417069.1,30
NP_416224.1,63
NP_415306.1,458
NP_415373.1,50
NP_418512.1,19
NP_418204.2,177
NP_417845.1,524
NP_417980.1,467
NP_417043.1,24
NP_418659.1,30
NP_416894.1,122
NP_415056.1,3610
NP_417161.1,14
NP_415621.3,1990
NP_417054.2,26
NP_417048.1,1276
NP_416168.1,1966
NP_416530.1,1903
NP_416809.1,142
NP_417165.1,786
NP_415141.1,19
NP_415443.2,340
NP_418630.1,6
NP_417985.1,37
NP_418359.1,184
NP_417814.1,173
NP_416279.1,2013
NP_418292.1,106
NP_418007.3,31
NP_415414.4,1
NP_418577.1,165
NP_418051.1,31
NP_417521.1,27
NP_414993.1,198
NP_415696.1,485
NP_414738.1,779
NP_415342.1,56
NP_415963.1,380
NP_416416.2,460
NP_417433.1,171
NP_418059.1,1538
NP_417857.1,41
NP_418390.1,53
YP_026254.1,111
NP_415807.1,23
NP_415265.1,268
NP_418347.1,45
NP_415850.1,609
NP_416007.3,7
NP_416870.1,52
NP_416424.1,123
NP_416494.1,69
NP_417023.1,1451
NP_414821.1,651
NP_414987.3,4627
NP_415061.2,408
NP_415164.1,4131
NP_415767.2,2116
NP_416306.2,221
NP_416389.4,281
NP_416628.1,33
NP_414938.1,22
NP_416247.1,39
NP_418469.1,454
NP_418481.1,415
NP_417569.1,9434
NP_415803.2,70
NP_417373.1,190
NP_417386.1,813
NP_417844.1,738
NP_414758.1,59
NP_415553.1,678
NP_416055.1,12
NP_416141.4,53
NP_416464.1,39
NP_417625.1,628
NP_417291.1,196
NP_414748.1,282
NP_414688.1,43
NP_418637.1,44
NP_417949.1,53
NP_418502.1,128
NP_417180.1,87
NP_416381.2,18
NP_416201.1,313
NP_418264.4,107
YP_025309.2,77
NP_418710.4,11
NP_415286.1,6
NP_415737.1,2021
NP_417748.1,42
NP_416012.1,1
NP_418707.1,14
NP_418470.4,70
NP_415137.2,130
NP_416343.1,451
NP_418141.2,20
NP_414569.1,1255
NP_418806.1,39
NP_416321.1,105
NP_414638.1,131
NP_417716.1,51
NP_417749.1,1409
NP_418402.2,67
NP_415166.1,290
NP_416320.1,73
NP_415174.1,307
NP_418627.4,194
NP_418632.1,269
NP_418641.1,36
NP_414761.1,260
NP_414974.1,41918
NP_418591.1,8
NP_418258.1,31
NP_414956.1,921
NP_417506.1,139
NP_415851.1,57
NP_415318.1,25
NP_416962.1,2491
NP_416337.1,58803
NP_415401.1,1247
NP_415156.1,17168
NP_417454.1,19
NP_416792.1,18
NP_417693.3,117
NP_417938.1,541
NP_415917.1,11
NP_414655.1,102
NP_416662.1,122
NP_417600.1,30
NP_418320.2,39
NP_418061.1,17
NP_415258.1,54
NP_417153.1,143
NP_417751.1,26
NP_417528.1,64
NP_415404.1,4495
NP_415729.1,231
NP_415144.1,50
NP_416231.1,3577
NP_417777.1,1877
NP_417652.1,23305
NP_417771.1,52939
NP_415607.1,26636
NP_418093.1,27960
NP_417766.1,10079
NP_417634.1,33110
NP_417770.1,4180
NP_417670.1,2312
NP_415785.1,114
NP_417747.1,58
NP_418108.1,25
NP_416323.4,1854
NP_417227.1,67
NP_414986.1,239
NP_415612.1,28944
NP_414578.2,59
NP_417109.1,33
NP_414570.1,224
NP_415765.1,10
NP_414550.1,47
NP_416913.1,52
NP_418463.4,154
NP_415298.1,6
NP_418404.1,19
NP_415347.1,94
NP_418364.1,1559
NP_416606.1,28
NP_417387.3,35
NP_417382.1,17
NP_417282.1,3
NP_418362.1,46
NP_417690.1,22
NP_417184.1,10
NP_417618.1,293
NP_417890.1,76
NP_418543.1,12
NP_417907.2,29
NP_418024.1,1
NP_418317.1,19
NP_414870.1,211
NP_416995.1,459
NP_417304.1,383
NP_417162.1,43
NP_414807.1,149
NP_414922.1,680
NP_416974.4,324
NP_416745.1,4
NP_418445.1,140
NP_417276.1,66
NP_418805.1,188
NP_417560.1,58
NP_415535.1,77
NP_415385.1,588
NP_418254.2,362
NP_416936.4,32
NP_415331.1,34
NP_414742.1,316
NP_414795.1,151
NP_417544.5,34
NP_415376.4,44
NP_416427.1,375
NP_415694.1,171
NP_416907.1,1042
NP_415903.4,8
NP_415742.1,0
NP_417311.1,243
NP_417906.1,195
NP_415488.1,118
NP_418546.1,15
NP_417470.1,148
NP_415372.1,211
NP_417629.1,110
NP_414924.1,107
NP_417966.4,75
NP_415327.2,6801
NP_415569.4,3968
YP_026160.1,1499
NP_414863.1,4029
NP_414923.1,353
NP_415523.1,2565
NP_415581.1,373
NP_416182.1,2912
NP_416686.1,95
NP_416828.1,450
NP_416944.1,53
YP_026214.1,39
NP_418112.1,70
NP_415811.1,304
NP_415893.2,31
YP_026252.1,60
NP_415018.1,55
NP_416111.1,19
NP_416369.1,71
NP_416513.1,499
NP_415623.1,705
,17
NP_417435.1,443
NP_417511.2,208
NP_418574.1,19
NP_418768.1,19
NP_414910.1,36
NP_415710.1,107
NP_417642.1,2475
NP_418282.1,213
NP_418408.1,152
NP_418440.1,3
NP_417176.1,1907
NP_416477.1,7
NP_415515.1,1
NP_416478.2,10
NP_417968.1,2
NP_415325.4,14
NP_415437.1,1959
NP_416845.2,1921
NP_417385.4,973
NP_417434.4,2921
NP_417509.3,127
NP_417805.4,523
NP_418153.4,511
NP_418278.1,41
NP_414891.4,365
NP_417019.1,2607
NP_414623.1,148
NP_415169.1,56
NP_417421.4,136
NP_418357.1,342
NP_416325.1,84
NP_417108.4,127
NP_415995.4,26
NP_418561.1,199
NP_417061.1,45
NP_418723.1,1
NP_415343.1,135
NP_416659.1,129
NP_416752.1,128
NP_418143.2,489
NP_417504.1,170
NP_414889.1,52
NP_415350.2,7
NP_417665.1,203
NP_418682.1,73
NP_418683.4,89
NP_417658.4,621
NP_415918.1,7
NP_418516.1,51
NP_415307.1,65
NP_415421.1,45
NP_416567.4,22
NP_418170.1,91
NP_417812.1,18
NP_418171.1,21
NP_417858.4,62
NP_417489.1,36
NP_417662.1,69
NP_416670.1,7
NP_415029.1,11
NP_416715.1,2
NP_418711.1,2
NP_415824.1,116
NP_415124.1,77
NP_414694.1,46
NP_415766.1,55
NP_414589.1,2
NP_414899.2,5
NP_416966.1,13
NP_416990.1,2244
NP_415968.1,6
NP_416372.1,22
NP_417154.1,482
NP_418444.1,3
NP_416271.4,17
NP_417825.1,10
NP_417210.2,16
NP_416573.4,22
NP_418367.1,467
NP_416449.1,6
YP_588473.1,2754
NP_416401.1,5
NP_418775.1,0
NP_415594.1,40
NP_416455.1,1
NP_416930.1,76
NP_418573.1,50
NP_414721.1,85
NP_417293.1,24
NP_418403.1,55
NP_414630.1,81
NP_418265.1,21
NP_416756.5,15
NP_416542.1,252
NP_418238.1,79
NP_418090.1,31
NP_414734.1,7
NP_416470.1,20
NP_417538.1,6
NP_415005.1,76
YP_026251.1,7
NP_418781.1,59
NP_414726.1,3
NP_415003.1,10
NP_416358.1,17
NP_416991.2,11
NP_414894.2,34
NP_417424.1,70
NP_416375.1,101
YP_026271.1,10
YP_026291.2,21
NP_415859.1,10
NP_417307.1,53
NP_418012.1,2375
NP_415143.1,435
NP_418810.1,167
NP_415939.2,133
NP_417542.1,85
NP_415800.1,82
NP_418199.1,114
YP_026239.1,42
NP_416029.1,45
NP_418098.4,152
NP_415951.1,15
NP_417056.2,44
NP_418633.4,20
NP_415153.1,8
NP_417598.1,70
NP_418623.1,25416
NP_418400.1,86
NP_415584.1,172
NP_415944.1,74
NP_417646.1,216
NP_417027.1,258
NP_417271.1,50
NP_417490.1,43
NP_417626.1,6
NP_417185.1,4
NP_417378.1,18
NP_414645.1,71
NP_416495.1,83
NP_418803.1,62
NP_416764.1,17
NP_414673.1,665
NP_416153.1,85
NP_416814.1,63
NP_415195.1,31
NP_416385.1,125
NP_417827.1,30
NP_416767.1,2
NP_415305.1,1168
NP_418807.4,16
NP_416336.1,13
NP_417284.1,265
NP_416411.1,138
NP_418743.1,20
NP_416252.1,505
NP_415010.1,46
NP_417601.1,6
NP_417320.1,19
NP_416028.3,6
NP_415260.1,2
NP_417976.1,11
NP_418113.1,1
NP_418309.1,12
NP_416569.1,513
NP_418097.1,3161
NP_418099.1,22
NP_418121.1,5
NP_416273.1,271
NP_417359.1,5
NP_417740.1,121
NP_414654.1,200
NP_418629.1,180
NP_416934.1,98
NP_414728.1,6
NP_415027.1,168
NP_415133.1,56
NP_415240.1,10
NP_415185.1,82
NP_417913.1,71
NP_416115.1,15
NP_417819.1,152
NP_415760.1,46
NP_416097.1,1
NP_418570.1,53
NP_417919.1,34
NP_417714.1,204
NP_415744.1,1
NP_416791.3,437
NP_416785.1,133
NP_418194.1,1155
NP_415262.1,43
NP_417468.1,5
NP_417197.1,11
NP_416042.2,17
NP_417343.1,9
NP_416068.2,1727
NP_417205.1,65
NP_414916.1,1894
NP_414918.4,41
YP_026256.2,29
NP_417017.4,436
NP_414664.4,66
NP_414946.4,192
NP_415211.2,35
NP_415789.1,680
NP_416265.4,1
NP_416339.1,441
NP_416350.4,1369
NP_416353.1,1393
NP_416945.2,46
NP_417157.1,33
NP_417472.1,1
NP_418568.2,822
NP_414991.4,145
NP_415689.2,4
NP_416100.1,459
NP_416463.4,83
NP_417427.1,212
NP_416367.1,25
NP_417802.1,184
NP_414716.1,31
NP_415538.1,10
NP_416853.1,114
YP_025307.1,8
NP_415388.1,54
NP_415266.1,174
NP_414941.1,5021
NP_415100.1,0
NP_416582.1,9
NP_414969.4,279
NP_416396.1,28
NP_415223.1,3
NP_415647.1,12
NP_416724.1,2
NP_417263.1,30
NP_415751.1,13
NP_418537.1,13
NP_418125.1,39
NP_416465.2,7
NP_417986.4,3
NP_418814.1,246
NP_416817.2,40
NP_418531.1,27
NP_417807.1,282
NP_414759.1,80
NP_414925.1,1345
NP_415398.1,3
NP_415481.1,268
NP_415631.1,20
NP_415706.1,5
NP_415943.4,1
NP_416362.1,296
NP_416834.1,74
NP_417158.4,501
NP_417979.1,25
NP_414698.1,3607
NP_416035.1,4
NP_418730.4,7
NP_418676.1,1939
NP_416199.1,395
NP_414661.2,171
NP_414989.1,75
NP_415111.1,177
NP_415764.4,140
NP_415472.2,84
NP_417272.1,137
NP_417566.1,37
NP_417570.1,12
NP_418643.1,1078
NP_418773.1,24
NP_417505.1,14
NP_416610.4,444
NP_415170.4,69
NP_414737.1,65
NP_418279.1,3
NP_417871.1,68
NP_415735.1,79
NP_418787.1,1
NP_416011.1,8
NP_418790.1,45
NP_417224.1,161
NP_415365.4,27
NP_415615.1,13
NP_415837.1,31
NP_416794.1,59
NP_416108.2,149
NP_418782.1,55
NP_418002.2,1
NP_414977.1,13
NP_415650.1,165
NP_416479.1,379
NP_417233.1,15
NP_414588.1,45
NP_417146.2,10
NP_414992.1,68
NP_415471.1,1
NP_418296.1,57
NP_418082.1,4
NP_415328.4,23
NP_415750.2,83
NP_415036.1,11
NP_415077.1,10
NP_415264.1,193
NP_415336.1,0
NP_415981.1,127
NP_415979.2,10
NP_416295.1,30
NP_416929.4,82
YP_588468.1,454
NP_418700.2,10
NP_415048.1,25
NP_416355.1,180
NP_415023.1,70
NP_417699.1,32
NP_415129.1,18
NP_414884.2,7
NP_415028.1,30
NP_416952.2,14
NP_416849.1,12
NP_418560.1,12
NP_417868.1,9
NP_415117.2,5
NP_415424.1,26
NP_418532.1,90
NP_414700.1,21
NP_418251.1,198
YP_026168.2,39
NP_416415.1,2
NP_414740.1,602
NP_418494.1,0
NP_416330.1,47
NP_415120.1,12
NP_418489.1,56
NP_415703.3,36
NP_415897.1,24
NP_416157.1,54
NP_416919.1,260
NP_417077.1,257
NP_417159.1,33
NP_415022.1,9
NP_416440.1,687
NP_415597.1,0
NP_416402.1,1
NP_416838.1,104
NP_418477.1,15
NP_418590.1,15
NP_417649.1,8
NP_415190.1,47
NP_414629.1,20
NP_415772.1,28
NP_415267.1,66
NP_415634.1,29
NP_414718.1,7
NP_415389.2,16
NP_416532.1,10
NP_415965.1,76
NP_416082.1,178
NP_414750.1,24
NP_414725.1,91
NP_414931.1,7
NP_416423.4,1
NP_417846.1,74
NP_414751.1,15
NP_418789.1,26
NP_418370.1,3
NP_415412.1,5
NP_417297.1,40
NP_417296.1,0
NP_418155.1,34
YP_026210.1,3
YP_026172.1,0
NP_416169.1,237
NP_417922.1,50
NP_416469.1,13
NP_416379.1,9
,75
NP_418369.1,9
NP_417546.1,24
NP_417565.2,44
NP_416432.3,1
NP_416656.1,0
NP_417288.1,5
NP_418442.2,7
NP_418272.1,45
NP_414731.2,738
NP_414744.1,8
NP_418031.1,91
YP_026245.1,158
NP_415361.1,26
NP_417285.1,7
NP_417187.1,12
NP_416284.1,23
NP_417150.4,6
NP_417834.6,11
NP_416166.3,3
NP_418599.1,872
NP_415815.1,111
NP_418026.1,1
NP_416058.1,96
NP_415819.4,22
NP_418011.1,4
NP_418715.2,7
NP_416112.1,3
NP_417483.2,56
NP_417657.2,499
NP_415637.1,9
NP_417727.1,3523
NP_418159.1,130
,5
NP_418158.1,14566
NP_417107.2,2725
NP_417859.1,17
NP_418751.4,2
NP_418579.2,35
NP_418446.1,16
NP_414830.1,3
NP_417647.1,281
NP_417898.1,6
NP_418669.1,15
NP_418608.6,3
NP_417365.1,17
NP_415608.2,51
NP_416641.1,72
NP_416590.1,42
NP_418318.1,6
NP_417313.1,6
NP_416110.4,4
NP_418425.1,31
NP_415008.1,19
NP_415172.1,40
NP_415272.1,60
NP_414951.1,103
NP_418091.1,62
NP_414684.1,214
NP_417245.1,283
NP_416607.1,3
NP_417383.1,63
NP_415483.2,869
NP_418514.1,35
YP_026181.1,0
NP_416134.1,1
YP_026238.1,0
NP_418148.1,12
NP_415346.4,110
NP_417280.1,1
NP_415041.1,6
NP_416030.1,0
NP_418457.1,1
NP_416332.1,110
NP_415363.1,17
NP_416653.1,1
NP_415542.1,2
NP_418206.1,6
NP_418661.1,15
NP_416488.1,34
NP_418615.1,28
NP_418025.1,0
NP_417688.1,129
NP_418722.1,9
NP_414702.1,2
NP_415754.1,92
NP_414641.1,4
NP_414858.1,2
NP_415652.1,46
NP_417290.1,12
NP_417974.1,25
NP_417380.1,648
NP_414984.1,58
NP_416359.1,0
NP_416328.1,4
NP_418165.1,10
NP_414729.4,136
NP_416326.1,36
NP_417432.1,5
NP_416935.1,12
NP_416811.1,104
NP_417933.1,4
NP_418517.1,340
NP_417164.1,30
NP_415810.1,20
NP_416682.4,10
NP_417348.1,10
NP_415614.1,28
NP_418718.4,26
NP_415352.1,72
NP_415761.1,96
NP_417040.2,2
NP_416651.1,1
NP_414625.1,59
NP_415860.1,78
NP_414767.1,18
NP_416260.1,5
NP_414846.1,85
NP_418328.1,0
NP_417371.1,690
NP_417453.1,33
NP_416746.1,0
NP_418501.1,7
NP_418198.1,4170
NP_417270.1,157
NP_415497.1,1
NP_414964.1,18
NP_417449.1,1
YP_026190.1,0
NP_415491.1,0
NP_417201.1,1
NP_416710.1,1
NP_416146.1,10
NP_416148.1,90
NP_415249.1,860
NP_415250.1,29
NP_416114.2,0
NP_417266.1,2
NP_417995.1,42
NP_415630.1,156
NP_415089.1,2525
NP_416245.2,80
NP_416142.1,46
NP_418102.2,0
NP_418740.1,17
YP_588446.1,1269
NP_417967.1,2099
NP_417466.1,110
NP_415821.1,318
NP_415997.1,3458
NP_414944.1,103
NP_415099.1,5
NP_415274.1,338
NP_416059.1,18
NP_416200.2,569
NP_416238.1,125
NP_416419.1,3
NP_416753.4,3
NP_417289.2,1446
NP_417705.2,35
NP_417821.1,25
NP_417924.1,60
YP_588470.1,642
NP_418780.2,211
NP_415900.1,83
NP_416274.1,139
NP_417739.1,302
NP_415775.4,64
NP_416679.4,17
NP_416041.1,5
NP_415730.1,2
NP_417804.1,25
NP_415489.4,482
YP_026257.1,5
NP_418242.1,30
NP_417049.1,9
NP_415858.1,9
NP_416965.1,1
NP_414653.1,4
NP_416579.1,0
NP_417971.1,0
NP_418430.2,2
NP_418646.1,72
NP_417067.1,44
NP_416126.1,6
NP_416842.1,61
NP_415324.1,3
NP_416630.1,0
NP_418645.2,9
NP_416722.2,1
NP_416681.1,1
NP_418815.1,8
NP_414933.1,7
NP_415857.2,3
NP_416052.1,1
NP_416300.2,1
NP_416308.4,3
NP_416896.4,1
NP_418389.1,2
NP_415558.1,0
NP_416771.4,7
NP_414643.1,95
NP_414732.1,2
NP_414921.2,49
NP_414888.4,88
YP_588442.1,1
NP_415235.1,0
NP_415301.1,4
NP_415387.1,87
NP_415426.1,4
NP_415749.1,7
NP_415795.1,58
NP_415838.1,19
NP_415901.2,9
NP_416291.4,79
NP_416382.1,0
YP_025310.1,2
NP_416692.1,299
NP_417084.1,22
NP_417428.2,46
NP_417813.1,0
NP_418255.1,10
YP_026284.1,35719
NP_415955.2,189
NP_415486.4,15
NP_417666.1,58
NP_415476.1,52
NP_416827.4,7
NP_415908.1,1
NP_417531.1,0
NP_418276.1,1
YP_588441.1,106
NP_415628.1,52
NP_414842.4,2
YP_026202.1,7
YP_026208.1,1
NP_418550.1,104
NP_416466.1,22
YP_588464.1,40
NP_418642.1,3
NP_418690.4,1
NP_415026.1,39
NP_418488.1,81
NP_416770.1,139
NP_418564.2,1
NP_417261.1,2
NP_416537.1,41
NP_415016.4,40
NP_415192.1,14
NP_415311.1,9
NP_415368.1,0
NP_415994.4,70
NP_416480.1,20
NP_416517.1,3
NP_418140.4,1
NP_416816.1,8
NP_415978.1,258
NP_416194.1,5
NP_415241.1,0
NP_416471.1,2
NP_418611.1,159
NP_418791.1,66
NP_416968.2,51
NP_417503.1,23
NP_417620.1,10
NP_418639.1,12
NP_417070.2,29
NP_417556.2,1
NP_418794.1,4
NP_416268.2,17
NP_416307.1,6
NP_416482.1,27
NP_416282.4,34
NP_415907.1,0
NP_414902.1,2
NP_414985.1,53
NP_414592.1,13
NP_415734.1,43
NP_417867.1,0
NP_417883.1,13
NP_415704.1,0
NP_417960.1,2
NP_415709.2,2
NP_416220.1,1
NP_416311.1,2
NP_418712.1,3
NP_414597.1,1
NP_415370.1,142
NP_417083.1,0
NP_416805.1,20
NP_416516.1,3407
NP_415938.1,0
NP_416448.1,0
NP_416452.1,15
NP_416395.1,2
NP_418736.3,0
NP_417294.4,0
NP_417305.1,7
NP_415435.1,14
NP_416831.1,7
NP_417181.1,33
NP_417438.2,0
NP_415168.1,7
NP_416638.4,0
NP_418079.1,8
NP_417096.1,4
NP_417317.1,4
NP_417341.4,2
NP_415555.1,27
NP_415711.2,170
NP_417830.4,1
NP_415636.1,2
NP_417675.1,0
NP_415846.1,2
NP_415390.4,2
NP_417621.2,8
NP_416098.1,1
NP_418080.1,3
NP_416564.4,0
NP_416172.1,0
NP_416236.1,2
NP_417267.1,1
NP_415617.1,15
NP_414815.1,0
NP_418092.1,3
NP_417436.1,3
NP_415242.1,0
NP_418426.2,8
NP_416150.1,11
NP_418622.1,9
NP_415000.1,16
NP_417299.1,1
NP_414932.1,11
NP_416277.1,0
NP_418256.1,16
NP_417370.1,10
NP_415397.1,0
NP_416716.1,13
NP_418680.1,4
NP_418109.1,3
NP_414976.1,41
NP_415629.4,2
NP_414997.1,21
NP_417704.1,648
NP_416492.1,43
NP_416088.1,20
NP_418284.1,56
NP_418513.4,58
NP_418487.1,1
NP_418662.1,5
NP_418744.1,8
NP_415680.1,2
NP_415836.1,29
NP_417576.1,5
NP_416075.1,2
NP_415510.1,46
NP_415020.1,49
NP_415902.1,4
NP_417869.1,4
YP_026216.2,1
NP_418221.1,8
NP_414879.3,23
NP_417493.1,34
NP_416922.1,5
NP_416426.1,8
NP_417706.1,35
NP_418672.4,124
NP_415589.1,16
NP_418548.1,1
NP_416629.4,2
NP_416882.1,15
NP_418308.1,6
NP_418612.1,31
NP_417215.2,2
NP_415663.1,5
NP_417345.1,0
NP_418323.1,7
NP_415473.1,117
NP_416318.1,2
NP_416232.3,86
NP_417758.1,151
NP_416758.1,6
NP_417726.1,22
NP_416645.1,0
NP_417555.4,0
NP_415798.2,102
NP_416349.2,42
NP_415380.1,4
NP_418063.1,40
NP_417265.1,2
NP_417058.1,46
NP_414717.2,44
NP_415915.1,18
NP_415769.1,67
NP_414911.1,4
NP_416123.1,39
NP_415786.1,165
NP_417530.2,18
NP_415728.1,6
NP_418248.1,12
NP_414955.1,11
NP_417654.1,82
NP_415163.2,2
NP_418294.1,22
NP_418293.2,12
NP_415916.1,0
NP_417430.1,1
NP_416497.1,30
NP_416768.4,3
NP_415441.1,11
NP_414610.1,18
NP_415358.1,1
NP_417894.2,16
NP_414937.2,1
NP_418122.1,1
YP_025302.1,2
NP_417602.4,18
NP_416250.1,1
NP_417595.1,3
NP_417105.1,19
NP_418038.1,46
YP_588476.1,147
NP_415796.1,14
NP_416677.1,0
NP_417219.1,7
YP_026286.1,0
NP_418250.1,3
NP_416010.1,7
NP_414886.1,13
NP_415108.1,91
NP_415239.1,131
YP_026258.1,7
NP_417322.1,0
NP_415049.1,0
NP_416151.1,0
NP_415842.2,9
NP_415642.1,30
NP_416428.1,132
YP_026185.1,5
NP_418755.4,0
NP_418000.1,15
NP_417999.1,49
NP_417935.1,5
NP_416963.1,5
YP_026287.1,128
NP_415770.1,4
NP_416521.2,81
NP_417228.1,28
NP_414730.1,1
NP_418331.1,1
NP_415743.1,0
NP_415745.1,0
NP_416782.1,229
NP_416780.1,10
NP_416779.2,20
NP_415910.1,0
NP_414840.1,0
NP_418193.1,286
NP_414963.1,136
YP_026191.1,0
NP_417467.1,15
YP_026205.1,30
NP_417344.1,2
NP_416018.1,6
YP_026196.1,0
NP_416105.4,0
NP_416781.1,2
NP_417797.1,3
NP_415579.1,113
NP_416084.1,7
NP_416754.1,21
NP_416327.1,10
NP_415799.1,4074
NP_416762.2,4
NP_415874.1,166
NP_417273.1,77
NP_414855.1,1
NP_414912.1,1
NP_415323.1,75
NP_415374.1,111
NP_415695.1,22
NP_415723.1,0
NP_415771.1,10
NP_416019.1,4
NP_416190.1,74
NP_416425.1,259
NP_416897.2,12
NP_416898.3,15
NP_416927.1,56
NP_417005.2,6
NP_417050.1,10
NP_417310.1,4
NP_417599.1,8
NP_417916.1,8
YP_588471.1,0
NP_418355.1,12
NP_418447.1,192
NP_418609.4,4
NP_415525.2,17
NP_415683.1,0
NP_415690.5,0
NP_416103.2,1
NP_416324.2,7
NP_417571.1,0
NP_417674.1,12
NP_418455.1,1
NP_415160.1,45
NP_417954.1,35
NP_416852.1,4
NP_415572.1,0
NP_418236.1,27
NP_417927.1,274
NP_417803.1,21
NP_418231.1,1
,171
NP_417278.4,3
NP_417353.1,44
