gene_ID,Mean
b0001,176.461717194
b0002,2146.3335249
b0003,1416.35052915
b0004,1617.02648463
b0005,77.0421910186
b0006,118.867988346
b0007,10.4145682905
b0008,2350.60458687
b0009,73.4512168633
b0010,41.2627015683
b0011,3.1001740437
b0013,1.1789201163
b0014,1298.42504516
b0015,261.509834551
b0016,74.1486457093
b0018,2.2199992595
b0019,72.0422615138
b0020,77.2797862577
b0021,2.8029331777
b0022,7.4016706494
b0023,1833.01797563
b0024,1.7975487797
b0025,333.652652285
b0026,871.675651971
b0027,164.252281933
b0028,127.431268277
b0029,174.736006241
b0030,32.2105043282
b0031,406.428515817
b0032,1651.27875475
b0033,1691.1583099
b0034,26.7923245778
b0035,3.0762900503
b0036,1.1106763644
b0037,10.3068069931
b0038,7.1203385125
b0039,14.8923808339
b0040,1.2494213865
b0041,2.8845157575
b0042,1.501040567
b0043,1.8988536502
b0044,0
b0045,0.5933394322
b0046,26.5657181436
b0047,35.2140953895
b0048,137.716804788
b0049,112.963178451
b0050,100.531223682
b0051,335.346696629
b0052,235.468527032
b0053,627.095397815
b0054,617.474482378
b0055,60.036923536
b0058,44.7624853258
b0059,125.322502987
b0060,29.1381350731
b0061,2.493519188
b0062,5.8952777694
b0063,3.8582212034
b0064,45.8739395844
b0065,20.8278404206
b0066,48.0056292236
b0067,48.0524825126
b0068,291.177125033
b0069,44.6057193421
b0070,23.7785385928
b0071,987.766822127
b0072,1546.12338664
b0073,1176.53288386
b0074,1023.25764357
b0075,33.1152652857
b0076,7.8439231923
b0077,458.15783792
b0078,258.176970295
b0080,198.371151898
b0081,137.151578309
b0082,229.224921275
b0083,107.591688992
b0084,166.966601791
b0085,232.374692549
b0086,211.6413991
b0087,120.374371865
b0088,203.6502473
b0089,121.235954145
b0090,130.727574928
b0091,207.839791817
b0092,221.124252215
b0093,194.536176343
b0094,177.391652131
b0095,779.088150935
b0096,1009.30922075
b0097,342.974939577
b0098,348.041416135
b0099,20.54907777
b0101,24.2648724324
b0102,156.611219689
b0103,109.458826784
b0104,682.996303431
b0106,5.9558212897
b0107,9.3868341529
b0108,0
b0109,186.386246633
b0110,46.7861053684
b0111,40.4860200912
b0112,950.493743441
b0113,297.108574458
b0114,1669.46133171
b0115,1193.31576656
b0116,2602.96054685
b0117,4.5052242735
b0118,2647.40693868
b0119,107.131537147
b0120,631.86252304
b0121,558.776616476
b0122,135.506418934
b0123,302.076836023
b0124,251.862077947
b0125,292.679808046
b0126,1857.55825541
b0127,115.086712448
b0128,58.5746462995
b0129,8.3824995661
b0130,18.3623063249
b0131,547.074061125
b0132,6.7119551703
b0133,405.081255425
b0134,399.854505216
b0135,4.0623913123
b0136,0.922409163
b0137,3.0002697031
b0138,2.8801756828
b0139,2.4266749741
b0140,0.4208623933
b0141,1.4741989339
b0142,101.304916652
b0143,594.4021342
b0144,49.0094808423
b0145,704.290130632
b0146,68.8995425297
b0147,45.717177656
b0148,43.6536349843
b0149,97.7349694708
b0150,517.202916436
b0151,80.6265574384
b0152,78.5433788311
b0153,34.567779876
b0154,302.980228766
b0155,38.3664310934
b0156,257.783087858
b0157,18.3166684279
b0158,36.2177354669
b0159,589.602497633
b0160,55.4481423226
b0161,248.881127061
b0162,10.1292098501
b0163,258.360820585
b0164,14.1659687999
b0166,1524.08664012
b0167,119.27322252
b0168,658.380300793
b0169,6103.66411388
b0170,2256.86172153
b0171,433.539529145
b0172,1307.08187529
b0173,41.7851070791
b0174,197.939615526
b0175,157.610579543
b0176,330.829239607
b0177,695.893911414
b0178,785.993427756
b0179,1015.18651055
b0180,417.160536935
b0181,526.335528425
b0182,245.021666979
b0183,111.643342161
b0184,134.776998379
b0185,717.579177519
b0186,60.7681077326
b0187,50.0665210605
b0188,73.9790238228
b0189,58.0967769456
b0190,49.1054196958
b0191,30.3140974024
b0192,67.2674852595
b0193,4.0951128195
b0194,753.407103426
b0195,97.0708083291
b0196,220.812166185
b0197,1786.46964754
b0198,176.004786193
b0199,436.419820979
b0200,133.091417811
b0207,58.6932164202
b0208,45.5940007009
b0209,210.545060887
b0210,20.6654634998
b0211,619.123337775
b0212,77.9249676121
b0213,65.6345748897
b0214,94.1084627532
b0215,165.139532347
b0217,6.6250935478
b0218,0
b0219,39.5531919836
b0220,342.98192249
b0221,70.0118314062
b0222,312.206475445
b0223,130.678977693
b0224,301.375119941
b0225,39.697122945
b0226,64.9482451417
b0227,10.2129079187
b0228,22.0439706826
b0229,1.5239703459
b0230,1.3474511535
b0231,31.9795405357
b0232,11.9956038535
b0233,11.6814241654
b0234,8.8037472623
b0235,0
b0236,1.2441430113
b0237,504.304812472
b0238,197.105115101
b0239,112.742671525
b0240_1,95.2573463467
b0240_2,379.588289447
b0241,3.7413503456
b0242,302.789741202
b0243,334.977080257
b0245,0.6977282321
b0246,0
b0247,0.3266526107
b0248,0
b0249,0
b0250,34.7049624338
b0251,2.6430572385
b0252,2.0106950648
b0253,14.6179441451
b0254,8.0349187484
b0256,0
b0258,24.3614107498
b0259,246.738634108
b0260,46.4284585788
b0261,52.1694409654
b0262,4.0617037096
b0263,2.2662506105
b0264,6.553671439
b0265,9.6563991391
b0266,19.5399540336
b0267,1.3683762337
b0268,5.546798847
b0269,7.8173201418
b0270,5.2634789299
b0271,10.1297413441
b0272,135.225652205
b0273,730.431002909
b0274,5.4613928658
b0275,12.8489046345
b0276,6.7664769043
b0277,18.8263297005
b0278,8.3407263054
b0279,1.6655408624
b0280,344.660143933
b0281,107.97911671
b0283,9.9939857959
b0284,11.8830464649
b0285,5.4425350962
b0286,7.3955489717
b0287,476.44938433
b0288,8.8040584446
b0289,15.406286798
b0290,11.4576447783
b0291,4.4107081896
b0292,3.8833782826
b0293,21.6263569518
b0294,1.1955078165
b0295,5.4993070167
b0296,3.2599266992
b0297,0.5482721274
b0300,11.3651779577
b0301,4.914899275
b0303,2.3176499137
b0304,14.5794353236
b0305,5.9819463352
b0306,7.1161827828
b0307,17.282404337
b0308,12.8862995969
b0310,1.8796138908
b0311,41.6727643285
b0312,81.2533870124
b0313,86.5969774052
b0314,58.745556792
b0315,14.3503173086
b0316,19.1313619176
b0317,0.4796007688
b0318,5.7264674598
b0319,1.0948686832
b0320,1.9821067095
b0321,1.4510454179
b0323,0.7434250288
b0324,47.0728348754
b0325,231.928414925
b0326,0.8662675978
b0327,1.6010555932
b0328,7.1597145477
b0329,264.658392423
b0330,12.5498592723
b0331,1.5050696665
b0333,1.4841869121
b0334,0.9812133367
b0335,2.6626819406
b0336,277.918331485
b0337,782.270636919
b0338,25.839150436
b0339,3.5741946531
b0340,6.4831812915
b0341,7.4364289023
b0342,7.7081326777
b0343,1.1278735097
b0344,3.5964495317
b0345,61.0507801792
b0346,89.7402449354
b0347,5.4534064236
b0348,5.3573260018
b0349,2.64954525
b0350,4.7610416228
b0351,3.4105742521
b0352,4.3576622257
b0353,4.375392565
b0354,72.8524782768
b0355,35.2599815281
b0356,160.564965107
b0357,37.2348420147
b0358,10.7834722934
b0363,5.012412425
b0364,1.4148863382
b0365,2.8609993748
b0366,4.3037764326
b0367,2.4608456531
b0368,6.0149680966
b0369,224.576936592
b0372,28.4169246857
b0373,51.8304284797
b0375,0.4996478334
b0376,108.559669597
b0377,26.2476376397
b0378,42.4277543292
b0379,0
b0380,8.4623457302
b0381,104.640899853
b0382,58.1976800865
b0383,32.5281031716
b0384,34.809307403
b0385,4.0995229248
b0386,195.904593134
b0387,45.3609048085
b0388,221.702348622
b0389,42.3865680441
b0390,61.3878215821
b0391,244.390696832
b0392,20.4807306367
b0393,193.898063295
b0394,43.4235252555
b0396,18.6997244384
b0397,52.6906087591
b0398,50.4706505004
b0399,50.0478640895
b0400,26.5513923372
b0401,57.6690515189
b0402,55.2535043572
b0403,36.958086675
b0404,36.0235209483
b0405,124.012839857
b0406,302.124223117
b0407,456.656892971
b0408,451.988780499
b0409,241.472768458
b0410,89.4330649521
b0411,979.254271291
b0412,15.4476728787
b0413,136.727323822
b0414,201.569780929
b0415,240.827599279
b0416,471.418033554
b0417,95.0667777919
b0418,133.595410369
b0419,165.055166419
b0420,224.571428997
b0421,193.963594594
b0422,160.375311567
b0423,182.306192875
b0424,83.1187609406
b0425,98.953389134
b0426,520.068718344
b0427,37.7646255444
b0428,588.793218948
b0429,193.287828363
b0430,652.382670775
b0431,1798.29815307
b0432,2598.52320294
b0433,106.173419457
b0434,370.733162471
b0435,311.051363359
b0436,2645.2674512
b0437,622.927427024
b0438,993.365494118
b0439,365.644428833
b0440,799.48845219
b0441,469.033503223
b0442,7.1711060631
b0443,15.7417663351
b0444,72.47741234
b0445,10.2114152411
b0446,41.6797458912
b0447,44.9548067251
b0448,22.4277344896
b0449,25.9565532026
b0450,12.0603692345
b0451,40.9409734428
b0452,93.4842236295
b0453,241.294214561
b0454,77.5872898252
b0456,11.3740511296
b0457,26.3343852734
b0458,109.518891678
b0459,39.1466962013
b0460,133.926977594
b0461,56.3289977543
b0462,298.365832676
b0463,265.937508671
b0464,42.302864707
b0465,81.8193509977
b0466,10.1521597444
b0467,41.5323716799
b0468,50.5813384687
b0469,269.478055815
b0470,143.746092398
b0471,362.354931478
b0472,418.815411354
b0473,305.434654149
b0474,1028.82297247
b0475,59.2576097334
b0476,7.7427625254
b0477,139.288022257
b0478,85.6695432245
b0479,26.5807714391
b0480,147.147368078
b0481,141.912627141
b0482,74.8513669042
b0483,84.7477385983
b0484,263.077885705
b0485,35.9909734774
b0486,40.0688228903
b0487,85.6504901776
b0488,33.4837501798
b0489,68.0501907973
b0490,52.3894395266
b0491,27.1710499994
b0492,256.676908003
b0493,92.0360888683
b0494,83.0757299989
b0495,32.4007546368
b0496,20.9563751685
b0497,9.3720581735
b0498,5.5412507294
b0499,1.5559962749
b0501,1.1211395924
b0502_1,15.8439853139
b0502_2,0
b0503,17.9185648936
b0504,2.1197003601
b0505,7.525469875
b0506,265.641348736
b0507,5.8951643746
b0508,0.2006940205
b0509,1.5139777489
b0511,0.2716076453
b0512,2.8864004903
b0513,3.139143374
b0514,6.8777429675
b0515,37.1861514372
b0516,14.4369202163
b0517,1.5745024152
b0518,0.6609954218
b0520,2.6238253722
b0521,1.6744827826
b0522,399.618360403
b0523,242.528693606
b0524,128.23380718
b0525,917.363743319
b0526,256.749324319
b0527,3.6216497552
b0528,34.5312437825
b0529,401.495571189
b0530,2.7548935486
b0531,0.5698281435
b0532,2.5768179319
b0533,2.1659325945
b0534,0
b0535,2.2326202756
b0537,81.2489549186
b0539,0.8547170844
b0542_2,2.2366428375
b0543,17.7296085313
b0544,1.8049760454
b0545,9.8427625357
b0546,24.4093249342
b0547,0.5236778635
b0548,0.9077903949
b0549,0.5347258491
b0550,0
b0551,2.4864496999
b0552,238.365792557
b0553_1,1909.97810923
b0553_2,5.2928795904
b0554,2.878155722
b0555,6.7786837453
b0556,2.0454890086
b0557,208.575368105
b0558,0.3789804561
b0559,1.901253517
b0560,0
b0561,1.0670155894
b0562_2,9.6592507355
b0563,0
b0564,53.9499229116
b0565,5533.18623262
b0566,4.7468990465
b0567,12.9272405864
b0568,21.9203421013
b0569,9.3473665032
b0570,95.9273555828
b0571,180.658916634
b0572,428.995723396
b0573,371.674883227
b0574,370.173892544
b0575,136.358292308
b0576,67.7752424713
b0577,59.3776032865
b0578,508.337925582
b0579,25.9630016506
b0580,7.2028810511
b0581,59.3021129445
b0582,96.5786144692
b0583,9.9051608249
b0584,85.9670421834
b0585,57.4130077058
b0586,79.6367438117
b0587,0.5502729442
b0588,49.4756211746
b0589,27.0228013818
b0590,34.1084375067
b0591,41.4794230477
b0592,62.8457701956
b0593,156.260089971
b0594,120.53406644
b0595,87.146377603
b0596,69.6232030483
b0597,31.2458392886
b0598,143.140795051
b0599,80.0799970692
b0600,95.3769669354
b0601,12.3701907257
b0602,5.6889783111
b0603,3.1429029125
b0604,69.4554560196
b0605,4205.87079253
b0606,409.22577657
b0607,92.9921905163
b0608,22.459693489
b0610,110.415096954
b0611,142.843347041
b0612,2.5788559184
b0613,0.2719554359
b0614,0.432768144
b0615,0.8751774072
b0616,0.1715823604
b0617,0
b0618,0
b0619,22.0427969361
b0620,27.7880497698
b0621,2.7764838015
b0622,7.2963087896
b0623,2817.47580206
b0624,40.7380254756
b0627,18.4792470434
b0628,311.488345067
b0629,4.5550450752
b0630,99.3637157211
b0631,135.45257003
b0632,327.189998835
b0633,377.764273542
b0634,117.61993277
b0635,114.594675266
b0636,165.494118887
b0637,82.6381804369
b0638,21.0010126355
b0639,107.261463965
b0640,158.757363987
b0641,463.735273463
b0642,622.404501625
b0643,177.439112038
b0644,3.7740991673
b0645,0.3375469445
b0646,2.4252932292
b0647,0.992087553
b0648,3.2004796989
b0649,11.3236137483
b0650,5.2784754014
b0651,69.2394988961
b0652,101.451907843
b0653,55.3310870884
b0654,47.1133306879
b0655,465.665020857
b0656,242.207547297
b0657,121.831413382
b0658,411.548520455
b0659,206.238248821
b0660,309.764080464
b0661,366.819460423
b0662,92.455451785
b0674,221.337591169
b0675,227.56561944
b0676,158.593968975
b0677,101.602719468
b0678,135.125540282
b0679,99.3976661914
b0680,598.231910869
b0681,2.3505710772
b0682,3.5858550949
b0683,866.078888507
b0684,499.671075954
b0685,25.6830213146
b0686,76.6702823131
b0687,373.704812524
b0688,559.374174201
b0689,10.4707765628
b0691,4.1181660813
b0692,10.5882239424
b0693,1.9063309541
b0694,33.750042683
b0695,39.6489217912
b0696,11.6588279888
b0697,5.0867791435
b0698,1.3233578754
b0699,11.3092352992
b0700,7.2490082083
b0702,1.4592730708
b0703,3.2617648587
b0704,6.6344056811
b0705,0.9784034116
b0706,1.8819458738
b0707,98.6358324753
b0708,50.995080887
b0709,33.5788179381
b0710,266.338099448
b0711,182.917902781
b0712,238.102185992
b0713,116.895737944
b0714,60.7627728951
b0715,7.6165779989
b0716,2.2321395947
b0717,3.1364158267
b0718,1.3853756278
b0719,2.2171501881
b0720,3545.68947529
b0721,762.966114898
b0722,488.584991442
b0723,1574.91399901
b0724,1253.24404133
b0726,1363.72688278
b0727,1521.05219365
b0728,1481.20176071
b0729,1351.53956472
b0730,34.8449075001
b0731,0.4419121834
b0732,14.0726046499
b0733,353.911222561
b0734,316.048659286
b0735,41.4875906117
b0736,155.698999388
b0737,277.497659474
b0738,54.8444946865
b0739,148.928897235
b0740,747.057766979
b0741,2995.34283701
b0742,758.301245084
b0750,486.224846792
b0751,250.01133027
b0752,44.1121346455
b0753,36.0727624678
b0754,1920.05413944
b0755,1682.55675541
b0756,553.6180654
b0757,108.453632042
b0758,80.1494552747
b0759,111.606382219
b0760,266.951064843
b0761,88.8950070743
b0762,90.8414428737
b0763,67.2917612805
b0764,26.3427241993
b0765,21.6384173856
b0766,85.7957687393
b0767,329.721691919
b0768,2.0704750342
b0769,0
b0770,0.6599731087
b0771,4.5067601344
b0772,262.299479811
b0773,173.829402952
b0774,98.8964369008
b0775,286.330891616
b0776,101.643390482
b0777,77.2791772678
b0778,176.463330005
b0779,151.175420975
b0780,51.1094872752
b0781,258.698910798
b0782,175.48898862
b0783,147.649107125
b0784,9.8603310847
b0785,136.119631051
b0786,228.163768699
b0787,5.2839495391
b0788,17.1318620902
b0789,52.1355199947
b0790,58.9385117118
b0791,40.1650980179
b0792,22.0825421818
b0793,24.9771849696
b0794,57.9045178771
b0795,62.4958314009
b0796,52.7025336641
b0797,67.1901727883
b0798,11.0952243183
b0799,26.2551965796
b0800,167.421673806
b0801,492.995969866
b0802,30.0707994663
b0803,16.1553156711
b0804,32.1875869877
b0805,141.777245773
b0806,19.8615530482
b0807,96.478095174
b0808,16.6835529253
b0809,399.513513855
b0810,262.051469824
b0811,741.305522953
b0812,1970.47202079
b0813,20.8728787531
b0814,3728.04921991
b0815,22.5343473913
b0817,164.983840031
b0818,28.8608533061
b0819,419.640949423
b0820,262.698515486
b0821,80.0533279287
b0822,141.79137125
b0823,5.1823568262
b0824,0
b0825,14.0278225329
b0826,38.9278775108
b0827,90.9815424075
b0828,393.036865289
b0829,198.741820093
b0830,132.401565609
b0831,64.7235256127
b0832,29.4090283133
b0833,42.8737468615
b0834,35.0639911263
b0835,215.329736368
b0836,30.4928680942
b0837,19.3335786339
b0838,293.902128602
b0839,201.265492924
b0840,142.497005518
b0841,74.644416544
b0842,36.763002567
b0843,9.3525264389
b0844,65.5507557843
b0845,25.2440379627
b0846,18.918874976
b0847,61.0995618827
b0848,5.6021685543
b0849,21.2578574169
b0850,19.4450902322
b0851,95.7368417734
b0852,48.4672205884
b0853,169.753993882
b0854,230.57530605
b0855,73.9685772566
b0856,18.5807584308
b0857,19.5251459975
b0858,30.4151838133
b0859,31.5725319316
b0860,1303.47017596
b0861,109.510007525
b0862,94.8845282024
b0863,359.985756132
b0864,234.631523065
b0865,213.969427585
b0866,32.920893065
b0867,90.9267630672
b0868,141.848859124
b0869,74.8117167587
b0870,150.587792041
b0871,252.712965886
b0872,0.9658141108
b0873,1.7618762667
b0874,108.127921866
b0875,19.0374196229
b0876,65.5340888462
b0877,235.704598712
b0878,81.9421839087
b0879,35.7519454512
b0880,135.84701718
b0881,74.1776114521
b0882,780.284940717
b0884,805.606210262
b0885,79.6765446631
b0886,112.873077535
b0887,44.8013610903
b0888,602.340445912
b0889,911.856567169
b0890,240.032505443
b0891,120.626018219
b0892,105.215627208
b0893,900.326902192
b0894,9.0115194943
b0895,4.8422038463
b0896,6.4005205103
b0897,200.044349307
b0898,57.1408981899
b0899,2.7473211371
b0900,19.7048674942
b0901,5.8542973388
b0902,144.158253066
b0903,1928.77447348
b0904,72.9613758366
b0905,165.695848955
b0906,28.8215210902
b0907,2989.17470612
b0908,561.044200897
b0909,15.2308030079
b0910,130.933166887
b0911,4913.78826204
b0912,691.669214531
b0913,5.4699819852
b0914,175.329973548
b0915,67.3831036901
b0916,16.4291155904
b0917,32.5240578164
b0918,241.786974971
b0919,17.6742226382
b0920,24.6262031605
b0921,108.079979152
b0922,67.0510854777
b0923,159.456430845
b0924,218.439737942
b0925,117.035382123
b0926,426.552832843
b0927,312.106773409
b0928,1222.4759327
b0929,13771.4917162
b0930,1269.6218594
b0931,769.494502739
b0932,138.461973803
b0933,7.5790464113
b0934,1.7978599978
b0935,3.3752628419
b0936,1.7219584166
b0937,4.7976171936
b0938,2.7512760942
b0939,0.2221051891
b0940,5.7994793186
b0941,13.1932684477
b0942,6.4084328521
b0943,6.0995437694
b0944,10.1144297799
b0945,407.970612174
b0946,53.0511373641
b0947,84.1289318071
b0948,143.264344288
b0949,157.548374141
b0950,25.94811437
b0951,83.7147387896
b0952,58.8147437519
b0953,554.069976643
b0954,775.182681319
b0955,176.656135198
b0956,93.829795363
b0957,20670.3167782
b0958,56.7626946194
b0959,26.0424204903
b0960,62.5160283722
b0961,30.2699060848
b0962,113.356171175
b0963,437.778959512
b0964,17.021083649
b0965,217.124169985
b0966,94.0605455383
b0967,157.09478867
b0968,17.135873013
b0969,37.5439619235
b0970,968.612698435
b0972,1.9048603621
b0973,1.6234781868
b0974,1.8935432194
b0975,3.3396976811
b0976,1.951749349
b0977,4.2163957771
b0978,26.7179214242
b0979,18.8665488195
b0980,21.5993222972
b0981,25.2220866944
b0982,4.7621509053
b0983,10.8082750129
b0984,3.7997864725
b0985,4.7308865466
b0986,5.7670406427
b0987,5.8988338315
b0989,1.1183214188
b0990,1.4592518497
b0991,2.3775891356
b0992,1.8393522397
b0993,6.6060032895
b0994,9.1338608942
b0995,33.0520597646
b0996,1.4716875218
b0997,5.0564530884
b0998,3.1516186722
b0999,58.0710265053
b1000,233.993264139
b1001,3.3256807436
b1002,91.2631703554
b1003,304.221136392
b1004,561.735415624
b1006,9.1001073154
b1007,0.9650031598
b1008,1.0549996481
b1009,1.8686559731
b1010,1.85041843
b1011,1.814612834
b1012,3.1494643239
b1013,41.2720237886
b1014,34.122606723
b1015,110.680775253
b1018,371.64168624
b1019,175.089819973
b1020,229.653155605
b1021,4.3637156295
b1022,4.1171749278
b1023,3.0861233393
b1024,6.5019878944
b1025,14.5700959693
b1026,29.0154597791
b1027,54.7344228277
b1028,0
b1029,1.190445821
b1033,169.792980913
b1034,247.689602908
b1035,234.277206995
b1036,73.1230506247
b1037,55.6389518599
b1038,22.4335204559
b1039,24.0087807521
b1040,72.9652683026
b1041,1.207003675
b1042,23.4120136677
b1043,3.5214385363
b1044,1.2634528164
b1045,58.5532442512
b1046,31.8361263379
b1047,26.9290186543
b1048,479.487789058
b1049,278.56499328
b1050,9.679582713
b1051,299.07492672
b1053,7.4329552472
b1054,81.0999462879
b1055,431.0016986
b1056,153.655072913
b1057,17.6807363312
b1058,0
b1059,257.692693403
b1060,23.7415203023
b1061,54.5657372077
b1062,934.568569294
b1063,103.057066444
b1064,356.131740159
b1065,8.2309730583
b1066,108.779779837
b1067,116.864837624
b1068,53.1502838216
b1069,53.9661310568
b1070,20.4924560779
b1071,11.2536467802
b1072,9.6518719663
b1073,22.8804226529
b1074,10.1501699179
b1075,18.9180783952
b1076,34.7304701427
b1077,7.9324571799
b1078,21.1202067689
b1079,6.5270648336
b1080,5.6724014061
b1081,5.4408990312
b1082,9.2745330445
b1083,23.0594065299
b1084,557.262207093
b1085,0.9698133411
b1086,178.938079441
b1087,194.044550692
b1088,1799.50091195
b1089,519.913451349
b1090,241.951647319
b1091,401.012967405
b1092,606.749239011
b1093,1577.65301578
b1094,4588.76634071
b1095,927.386869079
b1096,38.1513522396
b1097,55.1783106319
b1098,147.558181021
b1099,76.4923410264
b1100,167.54667001
b1101,2329.34355196
b1102,26.818208295
b1103,235.256144697
b1104,198.455723605
b1105,263.062169953
b1106,43.4192080962
b1107,183.466516793
b1108,274.279724236
b1109,133.708030729
b1110,8.0030029573
b1111,70.1435322113
b1112,79.4424201193
b1113,50.6428012665
b1114,169.059101254
b1115,2.0429590645
b1116,124.400663469
b1117,105.154062192
b1118,102.627394806
b1119,130.964365405
b1120,147.283595143
b1121,4.9005398476
b1122,4.2485570933
b1123,800.776185701
b1124,60.6657163772
b1125,62.4420614432
b1126,226.762818814
b1127,108.717421643
b1128,314.617307778
b1129,148.732074654
b1130,267.94697495
b1131,940.296083311
b1132,282.772558457
b1133,423.485130266
b1134,36.4153353762
b1135,169.19666326
b1136,7328.85400682
b1137,11.1249645276
b1138,12.383045376
b1139,27.8727355359
b1140,9.6978146619
b1141,3.4974922076
b1143,104.496837879
b1144,2.5513595583
b1145,143.715776034
b1146,1.1847563545
b1147,0.558640243
b1148,1.4077693154
b1150,0
b1151,1.9150640752
b1152,1.7189784155
b1153,0.6748476647
b1154,0.6267206522
b1155,0.7524816767
b1156,6.5473631048
b1157,0.4767346287
b1158,0.7112603085
b1159,21.3873895899
b1160,2.1776634688
b1161,7.5370974621
b1162,165.195312556
b1163,47.0260197817
b1164,15.6104476121
b1165,9.2295778726
b1166,7.3398579633
b1167,1.9145662689
b1168,3.152961421
b1171,36.3183351712
b1172,12.0620943698
b1174,143.225207272
b1175,540.392969972
b1176,526.222559268
b1177,47.875565219
b1178,128.86411329
b1179,112.115899227
b1180,136.080156653
b1181,81.0788582565
b1182,3.5450656785
b1183,9.0224878085
b1184,11.1202679756
b1185,127.452236147
b1186,152.474463838
b1187,141.965323919
b1188,177.899737638
b1189,67.0463961386
b1190,49.0650040498
b1191,47.9038068368
b1192,66.8982358471
b1193,126.855889042
b1194,6.0947887878
b1195,19.6772079189
b1196,7.2996000927
b1197,53.6457801166
b1198,196.257462911
b1199,103.004642611
b1200,180.571577451
b1201,22.7541609211
b1202,11.5169459929
b1203,409.835156146
b1204,146.660866237
b1205,23.900597377
b1206,34.2853316601
b1207,1647.45099388
b1208,173.448584728
b1209,229.258369176
b1210,103.105346908
b1211,117.101753957
b1212,36.1827096911
b1213,23.244503081
b1214,147.820894587
b1215,484.996787525
b1216,144.500180988
b1217,16.9576028808
b1218,50.0797355885
b1219,218.202841854
b1220,25.8621681024
b1221,168.782099373
b1222,40.3918156666
b1223,1.2476546117
b1224,5.6468974466
b1225,6.3591660579
b1226,4.4290226528
b1227,10.268593436
b1232,472.135483309
b1233,69.0293883136
b1234,154.432501893
b1235,109.23046549
b1236,548.235291229
b1237,3455.94570773
b1238,63.3187615688
b1241,1227.8473803
b1242,13.7584517008
b1243,1466.64241128
b1244,149.131324228
b1245,188.416486023
b1246,156.417115249
b1247,248.737628245
b1248,112.120780734
b1249,124.518367694
b1250,36.0897100043
b1251,272.82808781
b1252,228.049778015
b1253,144.247985013
b1254,115.481308603
b1255,106.181452517
b1256,12.9441123674
b1257,23.9083399041
b1258,27.9672499866
b1259,10.4647669721
b1260,668.548249655
b1261,521.056989342
b1262,299.317083144
b1263,393.745195039
b1264,628.081039912
b1265,5.2026257307
b1266,95.4206040301
b1267,180.638847009
b1268,10.2371480162
b1269,199.493057555
b1270,63.0070786978
b1271,83.6676368269
b1272,229.009795327
b1273,107.24133429
b1274,483.536508237
b1275,190.818006782
b1276,303.117368874
b1277,206.295981463
b1278,44.2521983724
b1279,99.9782655859
b1280,112.080337655
b1281,236.578272999
b1282,98.1709999182
b1283,26.8238445568
b1284,124.886477839
b1285,78.2655718138
b1286,846.875974666
b1287,150.809393632
b1288,2249.69619733
b1289,7.5635050282
b1290,63.3063588071
b1291,103.255331162
b1292,31.4788329445
b1293,44.7497295305
b1294,72.95782852
b1295,45.715699674
b1296,64.7998785028
b1297,442.017024035
b1298,168.43057726
b1299,153.240881735
b1300,137.272601141
b1301,88.501682645
b1302,59.3460629075
b1303,27.2773489537
b1304,106.635089555
b1305,4.1905372168
b1306,10.2633374188
b1307,0
b1308,42.6834139677
b1309,2.3959348171
b1310,0.7318867164
b1311,1.5204101274
b1312,1.1342217233
b1313,2.6956207144
b1314,4.8876009572
b1315,4.8637554493
b1316,3.5365657491
b1317,0.7241173483
b1319,0
b1320,33.7308222819
b1321,27.985717991
b1322,28.5386926827
b1323,151.555283442
b1324,3885.40677164
b1325,39.2084060572
b1326,89.9585465433
b1327,14.4707598583
b1328,36.5933029847
b1329,76.1039757064
b1330,40.5711741205
b1332,626.467905948
b1333,312.936815028
b1334,970.965157568
b1335,36.6368050668
b1336,3.4189596503
b1337,2.9417176833
b1338,1.808509443
b1339,13.7234964149
b1340,36.729504789
b1341,108.399317672
b1342,78.6520107428
b1343,38.9649585241
b1344,173.825100577
b1345,6.8739767598
b1346,0
b1347,0
b1348,0
b1349,7.8019379834
b1350,3.0278821907
b1351,0.5636821225
b1352,0
b1353,5.7983351693
b1355,0
b1356,288.311229879
b1357,2.9332291905
b1358,4.2951974286
b1359,4.6767691549
b1360,2.7409930079
b1361,6.958458027
b1362,1.2395520887
b1363,27.9340047226
b1365,1.1784147013
b1366,1.3981971699
b1368,10.8194813971
b1370,57.9930340488
b1372,4.4580388311
b1373,0
b1374,9.7391035499
b1375,0
b1376,226.145454293
b1377,1.952973076
b1378,170.301308844
b1379,36.7947145576
b1380,21.5075606546
b1381,33.1878751499
b1382,2.5049189506
b1383,18.7524033829
b1384,18.3815745457
b1385,26.9919953756
b1386,6.1256858069
b1387,1.3166907711
b1388,1.94515788
b1389,1.0805532728
b1390,2.4347108419
b1391,0.9592015376
b1392,3.3881582985
b1393,1.8406778345
b1394,1.9099795113
b1395,3.6415163741
b1396,2.2336354033
b1397,19.1336117851
b1398,21.1232401628
b1399,71.733864312
b1400,48.485943882
b1402,64.9219064519
b1403,75.4323113213
b1406,62.805847301
b1407,3.0392846122
b1408,0
b1409,0
b1410,7.36600431
b1411,7.5522969723
b1412,124.183976722
b1413,106.945586999
b1414,124.304735296
b1415,455.889717514
b1418,274.637634438
b1419,6.7209169778
b1420,12.1317323661
b1421,8.4614136838
b1422,235.551843098
b1423,16.0019689382
b1424,123.505398676
b1426,29.9794163773
b1427,51.1334839334
b1428,42.4137053319
b1429,26.3005052542
b1430,95.4160941868
b1431,216.831074943
b1432,91.1683556007
b1433,13.0775729475
b1434,23.717053419
b1435,120.921787615
b1436,0
b1438,33.6119167864
b1439,53.1511987686
b1440,28.8074263763
b1441,10.8071686702
b1442,11.8752653874
b1443,5.255912532
b1444,14.6038775021
b1445,12.1911063175
b1446,134.462917975
b1447,19.7534184187
b1448,103.531888848
b1449,61.871918087
b1450,30.7538971847
b1451,47.4399483561
b1452,787.027092878
b1453,14.3175056652
b1454,18.4093733475
b1455,0
b1456,5.8828737603
b1457,2.6230641122
b1459_1,4.0697508854
b1459_2,0.9882275185
b1460,1.3810379637
b1461,25.5091419646
b1462,11.1910842263
b1463,16.8943865965
b1464,104.305471767
b1465,2.6553401558
b1466,3.1802359272
b1467,6.0720784438
b1468,7.0030570849
b1469,0.5690082468
b1471_1,0
b1471_2,0
b1472,0
b1473,28.1689005577
b1474,3.9661925241
b1475,1.4213784501
b1476,5.5451995359
b1477,23.215565036
b1478,168.748134533
b1479,429.348776584
b1480,151.395731328
b1481,2.541938615
b1482,564.377190064
b1483,7.3010216609
b1484,9.1115326579
b1485,6.0499175488
b1486,6.7790134499
b1487,15.9729113123
b1488,11.2460905054
b1489,22.1800567893
b1490,47.0590802518
b1491,81.1697108294
b1492,281.332979823
b1493,457.025153056
b1494,24.6952969654
b1495,20.0952979522
b1496,7.6743211961
b1497,1.4277843299
b1498,12.3664663408
b1499,3.5190619725
b1500,0
b1501,9.9416739141
b1502,3.1017295119
b1503,0.3091880157
b1504,0.7433472397
b1505,1.6779189686
b1506_1,0
b1507,41.2362828503
b1508,11.4562809443
b1511,11.5889638493
b1512,12.8491219359
b1513,3.8869257741
b1514,3.1324497485
b1515,1.120143946
b1516,7.3276681402
b1517,8.6624113282
b1518,4.3478185969
b1519,72.4004887417
b1520,44.2749693806
b1521,5.4363337283
b1522,7.8960067989
b1523,18.1053388301
b1524,74.4082921526
b1525,40.438378842
b1526,27.7805142991
b1527,2.2548635753
b1528,27.9487567982
b1529,57.449481356
b1530,30.7917922593
b1531,40.6547210125
b1532,3.5486351799
b1533,78.4875981435
b1534,11.7637038082
b1535,13.1955374291
b1536,17.2222584384
b1537,7.5656997469
b1538,189.362731153
b1539,614.312284574
b1540,135.234182174
b1541,8.4779652392
b1542,6.7054291742
b1545,0
b1546,8.3155016354
b1547,1.8028867988
b1548,6.6894199184
b1549,1.1617513768
b1550,151.471415908
b1551,0.9945219613
b1552,1.1183214188
b1553,0.792506476
b1554,2.5093871823
b1555,2.760001838
b1556,0
b1557,5.8034161604
b1558,4.0845901811
b1559,5.9764031761
b1560,0.8219605854
b1561,5.3064116305
b1562,12.0644765729
b1563,48.5090520632
b1564,54.6708668794
b1565,0
b1566,16.0475055285
b1567,1.3006564327
b1568,0.5576426712
b1569,0
b1570,286.471970794
b1571,0.9945219613
b1572,0
b1573,0
b1575,0
b1576,0
b1577,3.9129558497
b1579,6.5547322992
b1580,5.7998915274
b1581,3.560546546
b1582,13.7072752173
b1583,286.730228913
b1584,209.258689822
b1585,77.1462848156
b1586,85.2265560833
b1587,4.1662344927
b1588,17.5358189422
b1589,9.0785639372
b1590,21.1916881226
b1591,58.488994336
b1592,8.8518584035
b1593,22.5463486062
b1594,69.2302278435
b1595,17.3725623544
b1596,20.980808278
b1597,7.8894306497
b1598,95.2474201971
b1599,2.8303313822
b1600,14.6323939237
b1601,7.2131920899
b1602,1483.0529484
b1603,1941.22388203
b1604,285.313820229
b1605,11.3546278746
b1606,46.559353297
b1607,34.896728971
b1608,182.061745965
b1609,73.5925681077
b1610,50.5835728445
b1611,89.9830465876
b1612,531.23030403
b1613,195.692553622
b1614,405.316527453
b1615,1.8151580718
b1616,0.5147204563
b1617,2.7036231254
b1618,89.3058738906
b1619,220.489030927
b1620,16.2573274031
b1621,11.6090844379
b1622,68.2671602174
b1623,62.4441953159
b1624,215.1138984
b1625,8.0562423849
b1626,62.7020891977
b1627,76.9204282309
b1628,93.1461971852
b1629,120.838016765
b1630,102.677071794
b1631,62.7459031185
b1632,60.78654374
b1633,71.7237783155
b1634,9.9577122212
b1635,249.519396527
b1636,94.025466231
b1637,423.775218929
b1638,152.61486593
b1639,14.3060636099
b1640,43.4744662104
b1641,1156.70404824
b1642,170.003989934
b1643,6.910001323
b1644,18.1974669882
b1645,8.2012687254
b1646,87.9742799355
b1647,104.408774707
b1648,21.5074002144
b1649,28.6073604359
b1650,63.8251817589
b1651,353.334351646
b1652,111.335708647
b1653,25.1794046966
b1654,583.198938601
b1655,114.263644102
b1656,783.742242113
b1657,23.9438361167
b1658,443.411112782
b1659,25.9183003286
b1660,23.937676934
b1661,655.268543447
b1662,267.950571828
b1663,48.0633092385
b1664,198.082816373
b1667,453.821038254
b1668,96.3604246259
b1669,3.6696590386
b1670,6.0169085831
b1671,4.2253171783
b1672,6.9590596583
b1673,2.8838438564
b1674,0.3810840504
b1675,89.2777437765
b1676,1335.31910142
b1677,16025.8616315
b1678,175.453866035
b1679,92.0208667199
b1680,143.461526443
b1681,215.477970989
b1682,127.154844322
b1683,147.90985615
b1684,49.0548831255
b1685,111.472121872
b1686,147.169370867
b1687,299.270102913
b1688,76.6427631637
b1689,2.1807255296
b1690,0.3852136873
b1691,0.5585956017
b1692,1.7265692286
b1693,109.029950788
b1694,2.3200155343
b1695,5.1447623356
b1696,16.7567369113
b1697,2.3641540291
b1698,6.2329275114
b1699,3.297184731
b1700,0.8112568936
b1701,3.3975653096
b1702,584.970734492
b1703,127.714389351
b1704,369.817176978
b1705,6.0940957052
b1706,170.857566655
b1707,33.3038206648
b1708,132.210515731
b1709,147.836301492
b1710,226.325541543
b1711,35.6300983104
b1712,645.337607975
b1713,589.442642643
b1714,686.024162417
b1715,0
b1716,1523.63449028
b1717,629.483803755
b1718,5598.61084808
b1719,1299.35775772
b1722,87.9954797608
b1723,421.587455719
b1724,86.5363011095
b1725,135.872306284
b1726,99.6421619722
b1727,192.953721582
b1728,7.7350795726
b1729,1067.46247255
b1730,2.9475334027
b1731,17.7443631142
b1732,318.833337543
b1733,17.1691933323
b1734,4.1201951132
b1735,15.043883117
b1736,8.7223957189
b1737,4.0709192952
b1738,5.8506245295
b1739,681.037679911
b1740,568.760305444
b1741,32.2876026751
b1742,3.1385476365
b1743,20.4086939497
b1744,8.8082434493
b1745,12.728672498
b1746,17.7123339777
b1747,22.8636650558
b1748,24.2378624966
b1749,198.960039646
b1750,5.6566944207
b1751,8.5986869128
b1752,7.119304585
b1753,29.2913922001
b1754,35.9793397883
b1755,12.682387052
b1756,18.3198754913
b1757,28.2878514799
b1758,19.7938880107
b1759,21.8318707916
b1760,3.9889767716
b1761,1963.10579435
b1762,9.7779044728
b1763,141.581219559
b1764,323.717621762
b1765,167.081580646
b1766,124.988417427
b1767,181.63385079
b1768,89.1330450221
b1769,1.3390909631
b1770,35.3026307936
b1771,7.3126584076
b1772,2.4895075508
b1773,2.5458754243
b1774,1.8027761708
b1775,0.9193070459
b1776,1.8247513304
b1777,148.935140714
b1778,244.058945438
b1779,10889.5541856
b1780,181.23194116
b1781,59.2586588951
b1782,768.135862751
b1783,368.898915572
b1784,107.634588209
b1785,0.9089520261
b1786,15.7643400312
b1787,169.072168737
b1788,0
b1789,10.7783696742
b1790,22.8127175554
b1791,8.2165313752
b1792,31.3720136195
b1793,30.8155124361
b1794,171.554918897
b1795,412.141924201
b1796,0
b1797,0.4325206314
b1798,12.3421764174
b1799,44.4530825984
b1800,15.3283039462
b1801,0.5970149104
b1802,3.02220838
b1803,5.2847201029
b1804,70.2048911187
b1805,55.725324359
b1806,85.9187487119
b1807,88.3199307223
b1808,53.9461851008
b1809,216.421953479
b1810,34.5422992484
b1811,16.9628911219
b1812,56.5943508371
b1813,60.9896474981
b1814,52.2118903895
b1815,11.4871286354
b1816,82.6103654259
b1817,955.301320991
b1818,867.826352254
b1819,777.557649035
b1820,41.607961107
b1821,3.7380666938
b1822,85.9508262389
b1823,523.736246708
b1824,534.512433103
b1825,131.232378646
b1826,5.9577970709
b1827,204.589328784
b1828,5.7829153254
b1829,373.615726766
b1830,580.057003872
b1831,1136.11318374
b1832,214.00851188
b1833,33.255265796
b1834,65.938742252
b1835,60.4140809837
b1836,216.019786532
b1837,22.4332880822
b1838,9.2523570226
b1839,70.5167611077
b1840,139.675185822
b1841,193.391151681
b1842,40.1045363722
b1843,45.7893339762
b1844,84.9668707884
b1845,47.0502304297
b1846,40.7931752742
b1847,254.22543313
b1848,68.5402890684
b1849,298.304371626
b1850,273.889779937
b1851,42.9609127193
b1852,527.390715064
b1853,78.560660535
b1854,363.86887104
b1855,178.535566873
b1856,81.2458762233
b1857,109.029174455
b1858,61.6745361469
b1859,26.3037631364
b1860,101.953733331
b1861,103.562446502
b1862,3.135964937
b1863,133.462580663
b1864,498.741623234
b1865,129.340576159
b1866,493.256381966
b1867,117.740430666
b1868,44.0395138374
b1869,84.5967356611
b1870,122.75040629
b1871,120.649449097
b1872,8.9302564131
b1873,1.0010901623
b1874,106.49302514
b1875,83.2216368188
b1876,372.049000049
b1877,5.7983351693
b1878,1.9814714203
b1879,8.8411670866
b1880,5.4297311903
b1881,9.7630468383
b1882,14.693365357
b1883,0.7428161176
b1884,2.0162214316
b1885,2.7592184398
b1886,2.753558092
b1887,10.3044097002
b1888,7.5538781299
b1889,2.2093348814
b1890,2.0370551027
b1891,52.611415111
b1892,31.9006830419
b1893,5.0279723972
b1894,7.9653527718
b1895,43.1534632825
b1896,269.903190842
b1897,116.42623526
b1900,6.5147074965
b1901,6.3642061126
b1902,73.2664147815
b1904,3.8748963286
b1905,208.121936954
b1906,10.1058165059
b1907,32.0279977716
b1908,108.05107915
b1912,91.983859202
b1913,139.946814095
b1914,225.952906918
b1915,23.3029393246
b1916,36.9874182124
b1917,115.446245324
b1918,107.164304238
b1919,238.762399823
b1920,944.123543522
b1921,9.4099943917
b1922,12.4128690717
b1923,57.2677754787
b1924,4.8265564973
b1925,6.5170977792
b1926,2.3538980253
b1927,212.129155907
b1928,253.415705079
b1929,183.760708605
b1930,40.8779174924
b1931,14.4140585494
b1932,38.0378897731
b1936,0
b1937,4.2161405666
b1938,6.8462270673
b1939,8.9253460215
b1940,4.4477639093
b1941,4.7609083936
b1942,0.8886758012
b1943,6.5634451873
b1944,8.7994110295
b1945,13.1899418262
b1946,3.2349931145
b1947,2.1550993544
b1948,2.225413146
b1949,0
b1950,1.0976881516
b1951,8.8583203863
b1952,25.7444579094
b1953,10.9539776862
b1955,46.7374719845
b1956,37.8616573278
b1957,0
b1958,28.3118982515
b1959,0.7676145633
b1960,20.4852711853
b1961,126.572543994
b1962,77.3911241488
b1963,61.4241655179
b1967,263.779306017
b1968,45.975365126
b1969,92.8898481426
b1970,10.4574610201
b1971,53.1441073205
b1972,14.2306619383
b1973,5.9377706742
b1974,2.2300417192
b1976,127.467189937
b1978,13.1966534186
b1981,74.5729424706
b1982,406.467833245
b1983,399.738333135
b1985,13.9017156081
b1987,79.6723673464
b1988,30.9382870253
b1990,55.2566766985
b1991,22.3452144696
b1992,7.50196766
b1993,14.669959204
b1994,211.84677382
b1996,65.6443154509
b1997,53.5672767584
b1999,6.0033016278
b2000,52.1154847192
b2001,8.3246391545
b2002,1.3941066778
b2003,0
b2004,0
b2005,0.415265819
b2006,0.9239050173
b2007,855.224671814
b2008,24.4178660303
b2009,36.5460743018
b2010,19.3264845167
b2011,89.9637627805
b2012,118.939252865
b2013,135.628801274
b2014,455.576473747
b2015,16.9468768714
b2016,198.631133306
b2017,51.0914482643
b2018,10.607705374
b2019,266.546212715
b2020,278.400909237
b2021,292.0227491
b2022,336.475500382
b2023,144.62967229
b2024,153.264046426
b2025,257.65181293
b2026,267.247288254
b2027,727.226903809
b2028,37.2548940818
b2029,1526.76157543
b2030,244.060902105
b2032,173.868454639
b2033,189.913707608
b2034,272.68529452
b2035,94.1923550248
b2036,305.021566495
b2037,159.875131698
b2038,181.80215997
b2039,369.771794761
b2040,454.604827287
b2041,421.136167079
b2042,891.907839551
b2043,14.142099861
b2044,8.1585099214
b2045,5.1142517665
b2046,1.8704223789
b2047,2.3707765592
b2048,3.6938997068
b2049,1.8164709129
b2050,1.0959364429
b2051,1.4713942357
b2052,2.6152061397
b2053,3.1602180413
b2054,0
b2055,0.7374340635
b2056,0.6488281075
b2057,1.6819218785
b2058,0.318652955
b2059,1.4974331829
b2060,1.3513701796
b2061,0
b2062,0.9668723567
b2063,48.8387969671
b2064,92.8633706279
b2065,104.984262305
b2066,153.842165853
b2067,37.245699153
b2068,17.7171529605
b2069,34.9500778275
b2070,6.2775243876
b2071,1.1913621587
b2072,1.7595309863
b2073,1.9206702425
b2074,27.7388402519
b2075,16.9197978783
b2076,13.0134510262
b2077,9.0851240265
b2078,11.0000290021
b2079,72.0299833487
b2080,176.400144964
b2081,191.011361305
b2082,5.7242786673
b2083,1.1183214188
b2085,2.2506656766
b2086,57.51052675
b2091,588.487636205
b2092_1,1046.97683028
b2092_2,695.455519223
b2093,431.727147945
b2094,1524.47245104
b2095,2640.31356648
b2096,2186.98128584
b2097,428.494345333
b2098,5.2563193401
b2099,12.0526771614
b2100,7.9859457211
b2101,42.9917032505
b2102,21.969036897
b2103,134.799890309
b2104,154.576699057
b2105,78.8160851609
b2106,151.622031793
b2107,96.4228260909
b2108,0.3817188529
b2109,2.1971270773
b2110,0
b2111,0.7269498742
b2112,22.9099351675
b2113,167.523762756
b2114,519.797347277
b2118,6.9879126862
b2119,2.4727211087
b2120,2.8833468705
b2121,1.5272257241
b2122,4.3457223246
b2123,6.3161232584
b2124,61.1869961292
b2125,35.2206306539
b2126,23.85595679
b2127,67.2574475252
b2128,16.9238757188
b2129,26.5560777288
b2130,30.8170324548
b2131,77.4837826615
b2132,121.313724892
b2133,343.712025912
b2134,104.284161784
b2135,20.3553424845
b2136,36.0311869486
b2137,25.220558836
b2139_1,0
b2139_2,1.4705922531
b2140,35.9587734095
b2141,10.4337116299
b2142,14.4690849038
b2143,37.0250613068
b2144,42.6829195492
b2145,13.775210789
b2146,3.818796012
b2147,7.092235413
b2148,24.1470272401
b2149,38.0328509352
b2150,130.370566047
b2151,10.297462012
b2152,92.3981807632
b2153,1720.99581191
b2154,348.689030098
b2155,285.043821078
b2156,711.38825486
b2157,71.8971537414
b2158,28.7659429487
b2159,106.726602731
b2160,58.0211485085
b2161,2.0781656943
b2162,1.2580935256
b2163,2.1568880155
b2164,8.1961146748
b2165,1.162744293
b2166,1.6000888801
b2167,48.9064490029
b2168,31.3213665701
b2169,25.6776212821
b2170,4.1964548732
b2171,356.293987989
b2172,26.0182127622
b2173,40.355656749
b2174,63.0993044204
b2175,757.151579644
b2176,49.6645834239
b2177,43.5432362085
b2178,20.6147603672
b2179,17.3079741693
b2180,41.1060672675
b2181,207.662405944
b2182,75.8449510639
b2183,221.045841918
b2184,38.0675360431
b2185,2223.79160167
b2186,244.284138023
b2187,201.199532065
b2188,160.343332347
b2190_2,21.3955810825
b2192,255.305018725
b2193,43.8115451835
b2194,12.6002943534
b2195,10.7055932705
b2196,17.0099804604
b2197,20.4690881379
b2198,0.7399997532
b2199,16.8003012521
b2200,7.8369381004
b2201,19.6825225907
b2202,8.0984221901
b2203,5.0993465121
b2204,2.3820629981
b2205,1.1200857096
b2206,8.7632057474
b2207,0
b2208,4.9308941561
b2209,18.2437895454
b2210,132.81153105
b2211,97.2898174367
b2212,9.2099234435
b2213,27.1401226926
b2214,26.337172332
b2215,8702.97122083
b2216,163.750070152
b2217,538.136379757
b2218,66.2656678023
b2219,7.8622991445
b2220,17.3102080874
b2221,0.235150524
b2222,0
b2223,1.5485368353
b2224,2.588771748
b2225,3.451213734
b2226,4.1161668978
b2229,2.0149460909
b2230,6.4475249041
b2231,592.788328428
b2232,190.679680478
b2233,15.9570545091
b2234,482.351697254
b2235,375.1285279
b2236,68.0950953344
b2237,61.9179047273
b2238,0
b2239,44.3815778176
b2240,4.0709192952
b2241,1.8451201867
b2242,2.6905510804
b2243,3.3788308956
b2244,13.7925098742
b2245,8.5453073093
b2246,3.3695337311
b2247,1.5608128405
b2248,1.3010465857
b2249,84.2251852481
b2250,23.914186115
b2251,35.4392017064
b2252,4.3246443258
b2253,23.459475911
b2254,15.9435695582
b2255,25.0589819871
b2256,11.0720813506
b2257,9.1861363178
b2258,1.2072676386
b2259,20.2335978928
b2260,45.2866325592
b2261,119.671682258
b2262,154.8721384
b2263,5.2994295099
b2264,38.0866067868
b2265,91.4103776151
b2266,427.207403371
b2267,86.6512404476
b2268,75.6831275599
b2269,3.5777793268
b2270,1.5951436653
b2271,1.5402488083
b2272,2.493745162
b2273,1.3190270348
b2274,4.6634520228
b2275,8.9014936051
b2276,438.80006352
b2277,325.758698905
b2278,205.783779147
b2279,9.5523737555
b2280,78.3723860222
b2281,131.947868368
b2282,209.069571784
b2283,665.529972191
b2284,420.756002282
b2285,512.085124416
b2286,839.200050802
b2287,559.156845362
b2288,184.132491529
b2289,99.6334631957
b2290,218.064635983
b2291,50.2194632639
b2292,13.5168802382
b2293,245.769310769
b2294,453.412734118
b2295,57.8212624686
b2296,390.116416862
b2297,382.273819373
b2298,2.4276235774
b2299,266.132956157
b2300,185.050639888
b2301,55.8404357595
b2302,44.1466303743
b2303,230.883893312
b2304,258.530773688
b2305,6.5568723512
b2306,142.222596369
b2307,127.783143124
b2308,139.819750745
b2309,779.626037332
b2310,491.766049401
b2311,65.2860597098
b2312,728.750531725
b2313,400.11173039
b2314,138.493624204
b2315,97.3201771606
b2316,904.277873989
b2317,34.2915831689
b2318,47.3453175049
b2319,123.196234943
b2320,293.805580732
b2321,66.8699258303
b2322,6.9413808102
b2323,688.985909035
b2324,36.0833211162
b2325,91.5843471734
b2326,106.287351364
b2327,74.7120676393
b2328,191.965533947
b2329,352.632691799
b2330,319.4831944
b2331,92.6301935413
b2332,48.1680313583
b2333,3.0587838047
b2334,1.6141254348
b2335,1.0731530729
b2336,0.8418852986
b2339,0.6999304983
b2340,186.713602105
b2341,38.2046846468
b2342,32.8634516068
b2343,17.3580633392
b2344,139.249743766
b2345,4.9284625902
b2346,244.170853675
b2347,31.1663396501
b2349,51.5060690785
b2350,112.078570836
b2351,305.598569639
b2352,204.593414246
b2353,4.8475385436
b2354,7.4646659575
b2355,1.0944508882
b2356,0
b2357,0
b2358,0
b2359,1.515386482
b2360,6.5896461044
b2361,0.2902229515
b2362,0.4289559009
b2363,0.5085991789
b2364,22.9697419657
b2365,3.5211826796
b2366,29.6800910441
b2367,2.5205507812
b2368,2.6442103147
b2369,270.892229627
b2370,77.4220947272
b2371,2.4045365277
b2372,1.0890510008
b2373,2.8841079026
b2374,3.9069065518
b2375,1.4867526075
b2376,0.8639739481
b2377,12.2841154953
b2378,14.932935457
b2379,82.6448864735
b2380,24.3676963678
b2381,53.4375134674
b2382,18.0649338029
b2383,4.1638894969
b2384,2.5140377024
b2385,2.029809308
b2386,1.2080735099
b2387,0
b2388,64.4656508843
b2389,13.7574480351
b2390,5.9972010188
b2392,65.0031001739
b2393,242.671403857
b2394,89.0962621061
b2395,31.568943505
b2398,47.8857336137
b2399,41.7889328621
b2400,783.238179693
b2405,23.3877032001
b2406,10.4073911624
b2407,0.5732234338
b2408,8.0164054649
b2409,19.9170582966
b2410,77.5846695399
b2411,116.026963682
b2412,330.273340976
b2413,77.283551753
b2414,4766.41592128
b2415,579.54029457
b2416,2583.21327686
b2417,2587.27118962
b2418,154.789671523
b2419,7.9444214292
b2420,23.613897745
b2421,328.762676257
b2422,402.737939236
b2423,215.077272269
b2424,181.16175033
b2425,532.466054394
b2426,51.9574807556
b2427,10.7584575665
b2428,13.9539818255
b2429,9.5895960253
b2430,10.0405371587
b2431,223.448626813
b2432,51.3877646258
b2433,22.7301859187
b2434,58.3738989642
b2435,131.700448714
b2436,82.8994191893
b2437,16.5586222511
b2438,25.4993259629
b2439,24.8140728577
b2440,40.353754343
b2441,43.1183588743
b2442,73.2369282056
b2443,37.9544624397
b2444,1.6010555932
b2445,1.7156257166
b2446,6.448004805
b2447,7.1540596431
b2448,3.1033257813
b2449,52.5667089133
b2450,126.95054716
b2451,3.4887321895
b2452,5.195348021
b2453,1.6544002811
b2454,0.4719101809
b2455,0.8963283323
b2456,0
b2457,3.9869846479
b2458,1.31878403
b2459,1.0858413649
b2460,2.353914706
b2461,0.6492305527
b2462,0.4633232876
b2463,140.649673461
b2464,334.897847702
b2465,417.852941279
b2466,7.997311988
b2467,85.0975305828
b2468,8.3953564963
b2469,19.1333040742
b2470,12.221271768
b2471,53.580882824
b2472,111.97161978
b2473,48.1118665952
b2474,62.3554563676
b2475,136.423412762
b2476,1645.01949943
b2477,770.916215669
b2478,864.740646223
b2479,473.594583101
b2480,1083.09774505
b2481,0
b2482,1.8804293898
b2483,0.9210772379
b2484,0.325065818
b2485,0.6065348643
b2486,3.1445182292
b2487,9.0047422684
b2488,2.8918517845
b2489,3.6155022023
b2490,2.6583165275
b2491,3.1989199397
b2492,4.175205718
b2493,63.0420208532
b2494,150.871870459
b2495,256.437962714
b2496,133.20601228
b2497,453.821725162
b2498,1103.12340222
b2499,821.962354756
b2500,434.794197043
b2501,195.568037878
b2502,201.944804642
b2503,4.8815387424
b2504,48.7454752384
b2505,5.0035835564
b2506,10.0799804172
b2507,878.332956433
b2508,616.300033168
b2509,209.82858487
b2510,5.8034161604
b2511,273.844365648
b2512,474.197400674
b2513,288.910526209
b2514,579.589287791
b2515,324.086497327
b2516,306.117341785
b2517,175.600037689
b2518,789.349559296
b2519,16.910793441
b2520,103.435053726
b2521,148.14702018
b2522,222.888236267
b2523,216.010569105
b2524,49.614924699
b2525,162.718573523
b2526,244.012113155
b2527,138.576293794
b2528,315.240662155
b2529,473.248167182
b2530,1252.94527534
b2531,382.42467564
b2532,216.138103809
b2533,472.491054284
b2534,1.2887866343
b2535,30.1914587523
b2536,19.4372245258
b2537,49.4693355468
b2538,27.6178544794
b2539,15.4709829453
b2540,4.4593934835
b2541,12.8357993749
b2542,12.1964806743
b2543,65.8560826381
b2544,10.3951660203
b2545,11.6411436796
b2546,2.5186826136
b2547,1.561495483
b2548,2.3244503081
b2549,2.3806920717
b2550,20.2135371059
b2551,3894.45816227
b2552,44.8686370901
b2553,221.284028651
b2554,49.8705255322
b2555,72.4875711512
b2556,41.7161324186
b2557,649.130512728
b2558,29.1843192877
b2559,48.2654538183
b2560,48.2610875615
b2561,27.0959200421
b2562,19.9395814716
b2563,47.2693827153
b2564,214.816275145
b2565,72.3393794552
b2566,289.273315495
b2567,269.261746584
b2568,305.585435804
b2569,384.2308902
b2570,88.1927996924
b2571,252.513308248
b2572,529.367584082
b2573,197.270987452
b2574,158.788236938
b2575,47.093303684
b2576,242.816543595
b2577,19.1290661944
b2578,6.9618430217
b2579,277.347061446
b2580,114.872033469
b2581,196.414816585
b2582,60.2699079679
b2583,36.5587164905
b2584,53.5963747988
b2585,321.514118891
b2586,2.4021530449
b2587,1599.36033954
b2592,241.750276628
b2593,116.991890108
b2594,191.803843969
b2595,621.147976106
b2597,471.405125918
b2598,19.1191772959
b2599,491.002983251
b2600,417.473953257
b2601,771.68041311
b2602,15.0299912655
b2603,24.4763510022
b2604,23.1022381006
b2605,43.4130876783
b2606,1748.88985761
b2607,2878.36631258
b2608,2514.75893054
b2609,831.306297303
b2610,336.758828103
b2611,105.173687903
b2614,684.011536491
b2615,138.69962382
b2616,46.6595858469
b2617,350.784528092
b2618,56.4564486118
b2619,200.76460754
b2620,295.983090009
b2622,128.494970285
b2623,14.9917130611
b2624,2.5775732685
b2625,2.9133573801
b2626,0.2486304903
b2627,71.0736407153
b2628,73.7513830549
b2629,0.9030972967
b2630,160.725278073
b2631,57.1184394989
b2632,6.1845608359
b2633,1.8209745935
b2634,1.3471712816
b2635,0
b2636,0.3508762875
b2637,6.0579621171
b2638,1.0138957657
b2641_1,0
b2641_2,18.9898366108
b2642,39.1630148596
b2643,0
b2644,0.494464429
b2645,0.7502218922
b2646,2.1381892066
b2647,12.8626549143
b2648,0
b2650,0.6357107627
b2659,56.458127582
b2660,42.9735394069
b2661,85.4181994653
b2662,91.4566324452
b2663,23.2347398415
b2664,28.4468562564
b2665,461.774075067
b2666,41.3061651867
b2667,13.8653975148
b2668,20.163284576
b2669,1054.53925477
b2670,1.0612895061
b2671,16.0939955483
b2672,404.594857872
b2673,19.8034291611
b2674,48.2725476468
b2675,79.829678986
b2676,48.116178425
b2677,101.944816524
b2678,63.7996539845
b2679,117.000939976
b2681_1,2.3838159987
b2681_2,2.9027505784
b2682,179.582216804
b2683,70.9972634465
b2684,469.712610806
b2685,134.520734648
b2686,42.0817262346
b2687,653.277699119
b2688,346.847390056
b2689,45.9633067462
b2690,174.245812079
b2696,291.141778832
b2697,974.309615912
b2698,3.2964184031
b2699,590.317649852
b2700,53.9137445198
b2701,65.3916416196
b2702,2.6705908211
b2703,4.9168421763
b2704,3.1806493153
b2705,10.394200056
b2706,5.0164597958
b2707,41.8573016216
b2708,65.0692422987
b2709,24.8854330416
b2710,10.5733264478
b2711,5.2083414326
b2712,9.4237060766
b2713,2.0854468032
b2714,17.852891226
b2715,9.194653668
b2716,15.4573469025
b2717,33.0528791788
b2718,11.2419484763
b2719,7.9984243298
b2720,3.9217713338
b2721,3.0046694973
b2722,0.8550502304
b2723,1.9126964962
b2724,1.0355326512
b2725,0.3372353087
b2726,1.77431759
b2727,20.3979463812
b2728,3.190154375
b2729,24.0862660194
b2730,21.0309559666
b2731,26.6582164893
b2732,8.8542039586
b2733,83.8868422515
b2734,6.9436859932
b2735,39.3697008853
b2736,4.3232569982
b2737,5.533448806
b2738,2.2276609035
b2739,6.6079556683
b2740,5.386247402
b2741,923.54584045
b2742,252.998701806
b2743,103.142971629
b2744,188.462902386
b2745,196.331241236
b2746,92.3490453317
b2747,144.940479744
b2748,56.7900622105
b2749,18.9255024911
b2750,100.811843665
b2751,453.323176895
b2752,789.243157629
b2753,51.8846335568
b2754,2.7654596611
b2755,22.2414475624
b2756,18.2517074878
b2757,17.951501402
b2758,9.6834741008
b2759,9.461089064
b2760,2.46722401
b2761,5.3519041518
b2762,432.009334833
b2763,723.205404571
b2764,790.156615218
b2765,82.6649519605
b2766,5.8943693445
b2767,1.5093921051
b2768,2.2002825482
b2769,4.1052240567
b2770,2.8250995106
b2771,1.8112621766
b2774,0.8992892343
b2775,0.6754343826
b2776,3.987328245
b2777,15.0458232866
b2778,1.4408939437
b2779,3666.13757711
b2780,717.686377572
b2781,88.4667042579
b2782,36.1005344755
b2783,21.3576935983
b2784,193.320339361
b2785,33.9538759492
b2786,59.5001408011
b2787,13.3541040957
b2788,2.4661729335
b2789,2.0444794097
b2790,104.303305217
b2791,52.1556152338
b2792,28.6121272198
b2793,103.274152314
b2794,117.772817456
b2795,267.411486026
b2796,67.8528812188
b2797,32.8712561041
b2798,35.8550585191
b2799,15.4834388194
b2800,2.052851185
b2801,1.3186516495
b2802,9.2589818663
b2803,10.0411526971
b2804,91.6272672098
b2805,50.8451915671
b2806,119.419826889
b2807,18.6653138953
b2808,55.4218287045
b2809,55.4455779508
b2810,74.7814941539
b2811,47.4538556558
b2812,74.1641499035
b2813,165.305583516
b2817,80.7036297283
b2818,890.142891909
b2819,49.8783696303
b2820,77.0786615248
b2821,51.4533807247
b2822,61.8718822892
b2823,2.1776634688
b2824,7.7351732329
b2825,7.1465277009
b2826,0.8378405329
b2827,245.264255229
b2828,142.688233781
b2829,225.747511168
b2830,344.237992594
b2831,30.5135941369
b2832,58.7909057958
b2833,50.3377615032
b2834,364.318336849
b2835,36.7172425111
b2836,75.7736300286
b2837,54.3628566555
b2838,109.925021648
b2839,26.822735777
b2840,53.2210302997
b2841,19.8326055085
b2842,8.5796186647
b2843,4.2471916275
b2844,83.2840675501
b2845,7.5073233547
b2846,2.1336654038
b2847,8.8545382938
b2848,4.5798025646
b2849,0.5604702193
b2850_1,1.598945882
b2851,1.7730269752
b2852,1.3745448636
b2853,0
b2854_1,0
b2856,0.2462775204
b2858_1,2.1053461048
b2858_2,2.6709908886
b2859,4.7097527462
b2860,58.4606507643
b2861,60.2073553028
b2863,15.3735340899
b2865,76.1244846671
b2866,8.8136968146
b2867,6.8950084931
b2868,4.9329820981
b2869,10.9337998475
b2870,1.1262769652
b2871,2.0415054269
b2872,6.460227138
b2873,3.4066945432
b2874,16.9252757363
b2875,6.6460579301
b2876,2.2512731529
b2877,8.8461513559
b2878,2.9307661619
b2879,1.6589494119
b2880,3.5444623825
b2881,7.8450696288
b2882,3.66689694
b2883,26.3064669228
b2886,4.0353135871
b2887,3.7488152021
b2888,0.4307308908
b2889,60.9679788949
b2890,949.358317866
b2891_1,2.0544729989
b2891_2,738.274335639
b2892,167.364512632
b2893,182.840384665
b2894,82.7603189898
b2895,132.608719575
b2896,56.9219426476
b2897,88.699048065
b2898,416.010378873
b2899,73.4818834518
b2900,80.0029006764
b2901,214.147036801
b2902,17.7129159261
b2903,128.408540101
b2904,236.094458469
b2905,252.505808827
b2906,101.107281846
b2907,129.216508576
b2908,353.854159307
b2909,265.779539056
b2910,161.303383384
b2912,44.5817680049
b2913,2989.61903537
b2914,628.504809293
b2915,6.6256012596
b2916,163.884303409
b2917,3.1619617078
b2918,2.4633352306
b2919,3.8085440672
b2920,5.3864540671
b2921,13.7914893707
b2922,347.396863214
b2923,36.0898557206
b2924,932.981803092
b2925,2612.5844553
b2926,1938.67327912
b2927,304.308403711
b2928,68.9363458916
b2929,66.3149945789
b2930,2.0447814454
b2933,1.6996709826
b2934,0.8886758012
b2935,1146.79990434
b2936,98.5521384932
b2937,130.290744982
b2938,547.474359367
b2939,13.6161051598
b2940,2.9252604385
b2942,1974.96742337
b2943,76.5412448201
b2944,34.6626210514
b2945,7.8973027224
b2946,83.1162485651
b2947,168.132555809
b2948,228.001407681
b2949,69.115990183
b2950,1.2081285077
b2951,111.635627088
b2952,116.476412442
b2953,38.6004601799
b2954,161.215442794
b2955,138.576142763
b2956,2.7435333208
b2957,9.4141935508
b2958,23.5283281025
b2959,266.693320036
b2960,164.378593377
b2961,92.2242697003
b2962,80.8546950203
b2963,103.25527941
b2964,30.1457419181
b2965,98.1004692541
b2966,9.1301691522
b2968,5.8614574884
b2969,3.6057735976
b2970,9.4766268883
b2971,28.6185991108
b2972,44.1827295551
b2975,12.8057851329
b2976,88.0419786896
b2977,24.2755002902
b2979,13.5757181354
b2980,75.2834488079
b2981,3.211164371
b2983,2.2100492664
b2984,1.4381310993
b2985,2.1980716121
b2986,1.3646418026
b2987,3.0439342995
b2988,236.094004948
b2989,196.66931764
b2990,6.6192081534
b2991,2.5186022603
b2992,31.582620806
b2993,41.609524596
b2994,27.3331589323
b2995,5.9001298471
b2996,8.2061219841
b2997,14.2825175928
b2998,1.0805532728
b3001,30.9918335243
b3002,360.85845161
b3003,68.397631525
b3005,320.801795253
b3006,486.467828758
b3008,199.147011094
b3009,76.5351218052
b3010,36.0565628308
b3011,105.785960608
b3012,183.013314743
b3013,6.7962588982
b3014,1.8085708253
b3017,167.214599771
b3018,104.622585431
b3019,175.985881504
b3020,43.2455266316
b3021,88.1364322133
b3022,53.924089987
b3023,22.5552903614
b3024,215.096626256
b3025,17.6656835515
b3026,28.2325837673
b3027,0.7165292923
b3028,98.003369733
b3029,309.391169984
b3030,170.395493034
b3031,102.1809028
b3032,193.145383464
b3033,75.207094522
b3034,115.353458232
b3035,1018.42766234
b3037,327.941736409
b3038,347.900975072
b3039,19.9715726168
b3040,85.6747394206
b3041,196.924809104
b3042,307.059480283
b3043,6.3991015133
b3046_2,4.141555584
b3047,1.5797366107
b3048,2.6748648747
b3049,43.7923481094
b3050,3.9915730802
b3051,4.130337138
b3052,100.504056043
b3053,83.0675776086
b3054,54.543739614
b3055,129.822769196
b3056,162.453601462
b3057,89.0221952169
b3058,17.3258176762
b3059,60.8481197903
b3060,0.7577522777
b3061,2.3367399842
b3062,0.7716966125
b3063,0.6464583011
b3064,109.884691735
b3065,2171.03031262
b3066,309.114945927
b3067,739.934924701
b3068,163.787993341
b3070,107.413955223
b3071,71.5015515371
b3072,14.8994469108
b3073,411.761425808
b3074,0.467484874
b3075,48.1690082314
b3076,3.1350074887
b3077,0.8768530633
b3078,0.4931990435
b3079,0.5921469358
b3080,2.379595253
b3081,13.1738228052
b3082,14.1178129246
b3083,3.4911435408
b3084,40.5592852642
b3085,45.153332625
b3086,2.1447267536
b3087,67.2782208129
b3088,12.8934211899
b3089,232.494665169
b3090,6.0982666644
b3091,15.9362330018
b3092,31.9138786309
b3093,16.3953789297
b3094,171.573972147
b3095,84.2306308928
b3096,65.4697728188
b3097,136.985203028
b3098,120.795203089
b3099,325.426088149
b3100,228.474044652
b3101,6.2074200543
b3102,68.6887782622
b3103,87.4006001187
b3104,2.2092778298
b3105,79.1317048926
b3106,8.8531257779
b3107,17.9945931166
b3110,4.0756383787
b3113,4.8443038925
b3114,6.8806558425
b3115,4.4983865143
b3116,11.6642485425
b3117,1.1235348965
b3118,2.1920047802
b3119,0
b3120,0
b3121,0.9278396627
b3124,15.0073819259
b3125,11.4764480967
b3126,1.0245096672
b3127,0.233742437
b3128,13.1064677081
b3129,32.7359453677
b3130,111.329875516
b3131,114.095944017
b3132,2.768272122
b3133,3.6589113138
b3134,1.0517572648
b3135,3.9867346066
b3136,0.8823706948
b3137,0.4587711503
b3138,0.8273237062
b3139,0.7758506729
b3140,1.981867847
b3141,5.4303134257
b3142,6.3575226197
b3143,1.1347510231
b3144,6.7492413552
b3145,7.5887041525
b3146,96.0319974048
b3147,210.988092079
b3148,60.89931319
b3149,156.777057898
b3150,129.143489246
b3151,49.9384471578
b3152,14.409384083
b3153,8.0455891835
b3154,16.7208871614
b3155,8.3187642668
b3156,102.053023612
b3157,163.251537078
b3158,2.7033761369
b3159,5.8188023442
b3160,101.711580277
b3161,22.745016264
b3162,306.488371919
b3163,1045.13694434
b3164,1346.39621532
b3165,1037.72304044
b3166,186.540284762
b3167,189.215325481
b3168,1011.55208702
b3169,621.379375746
b3170,302.453045965
b3172,1497.85685043
b3173,4.4647888089
b3175,1106.80197116
b3176,384.35280048
b3177,113.623318203
b3178,755.008130341
b3179,352.461634915
b3180,329.189754932
b3181,158.116139765
b3182,84.8680717824
b3183,149.415340371
b3184,94.849057539
b3185,903.632542907
b3186,982.371585568
b3187,529.953918627
b3188,6.7647243642
b3189,372.24974021
b3190,104.969895879
b3191,78.8495969352
b3192,312.172116456
b3193,127.370183005
b3194,126.611553201
b3195,153.940498862
b3196,51.4408748244
b3197,188.330572773
b3198,157.446223744
b3199,247.933070493
b3200,313.501337968
b3201,247.08306491
b3202,427.83032902
b3203,236.668087209
b3204,254.145478649
b3205,389.17817477
b3206,44.2891056489
b3207,642.089097658
b3208,36.42558715
b3209,120.310112905
b3210,82.5457109606
b3211,5.4216830835
b3212,3371.48270415
b3213,2308.85072052
b3214,73.9233038757
b3215,6.4350119036
b3216,11.4946797339
b3218,246.645500898
b3219,49.1088433743
b3220,9.8723291365
b3221,24.679041701
b3222,20.8257158068
b3223,7.5455117541
b3224,5.4761299658
b3225,16.8606091473
b3226,134.152784269
b3227,1.0947129952
b3228,515.985242597
b3229,481.877951574
b3230,4559.30197732
b3231,2370.92638523
b3232,76.427114864
b3233,301.735276051
b3234,67.9702988015
b3235,115.98753852
b3236,3549.09484042
b3237,278.397505063
b3238,13.3921692842
b3239,17.7773852402
b3240,5.9726752988
b3241,9.8945557277
b3242,0.7616582825
b3243,72.0791231776
b3244,176.347908591
b3247,237.2488237
b3248,150.210978779
b3249,65.0771593415
b3250,187.670392609
b3251,739.643623094
b3252,64.5494599975
b3253,53.5068310007
b3255,857.678310348
b3256,985.503619813
b3257,9.3835391536
b3258,33.0839868545
b3259,137.626853601
b3260,809.216180196
b3261,437.709814026
b3262,12.0743602689
b3263,0.862651646
b3264,0.470301048
b3265,1.9666624935
b3266,8.0921798039
b3267,3.5467330183
b3268_1,0
b3268_2,25.6562631672
b3269,3.0085769939
b3270,3.3715006834
b3271,15.3088459023
b3279,241.610422817
b3280,11.5726802349
b3281,57.3917489023
b3282,95.6199666322
b3283,233.565358314
b3284,197.872812199
b3287,405.860704955
b3288,275.500821676
b3289,126.482274494
b3290,150.662039565
b3291,325.482738831
b3292,40.0905326977
b3293,35.3851299521
b3294,4267.60438361
b3295,8697.62548294
b3296,6379.76807528
b3297,2661.27777306
b3298,2708.99273236
b3299,215.90894523
b3300,4661.56681071
b3301,3610.05332121
b3302,558.566139969
b3303,3272.02277719
b3304,1858.30977394
b3305,3278.20359103
b3306,2021.75815092
b3307,1407.30700212
b3308,5969.46845268
b3309,2199.29994716
b3310,2753.8012523
b3311,1036.13196014
b3312,598.44873184
b3313,3805.74634458
b3314,4938.22701772
b3315,2029.37785541
b3316,1099.36584733
b3317,4208.74641056
b3318,1481.57819182
b3319,3829.36850359
b3320,6258.60682198
b3321,1952.92956992
b3322,18.1939955427
b3323,2.9929189069
b3324,7.7964083798
b3325,11.6584352512
b3326,7.768629049
b3327,5.0733131865
b3328,1.4226874526
b3329,2.9328025253
b3330,2.4988427731
b3331,1.74913794
b3332,2.9481437784
b3333,4.1986669552
b3334,5.4619964084
b3335,2.4521704887
b3336,371.919580145
b3337,80.7134505564
b3338,24.5795113554
b3339,25042.7270681
b3340,9079.28191063
b3341,4046.083135
b3342,2521.78824708
b3343,28.3773393753
b3344,39.8124178283
b3345,97.4471580588
b3346,253.123610339
b3347,532.924620777
b3348,34.6773043321
b3349,1216.95152958
b3350,30.9166582867
b3351,22.6291084473
b3352,172.117609449
b3353,73.5103931049
b3354,14.333927858
b3355,102.185222945
b3356,109.714183582
b3357,798.326955854
b3358,58.6049375215
b3359,430.648797011
b3360,18.1981929554
b3361,68.9888990646
b3362,16.7512574523
b3363,293.090568096
b3364,59.8730049752
b3365,5.242452098
b3366,0
b3367,7.3288233286
b3368,60.3307331708
b3369,1.4160993113
b3370,0.2953403522
b3371,5.4066896889
b3374,8.1992966734
b3375,88.9792122508
b3376,5.6679025144
b3377,4.4146625586
b3378,3.3419216749
b3379,2.7792312516
b3380,1.7373319264
b3381,1.2237793805
b3382,6.4905018289
b3383,18.3124043266
b3384,355.681726081
b3385,174.074685642
b3386,300.784302545
b3387,95.4040802547
b3388,670.126784233
b3389,443.724523893
b3390,687.959788586
b3391,5.1615571103
b3392,3.7164625958
b3393,0.7065156015
b3394,1.0195946016
b3395,4.2507372601
b3396,66.5347200546
b3397,212.925032337
b3398,69.4949232945
b3399,106.308406963
b3400,80.9872025967
b3401,181.152699768
b3402,21.7435050111
b3403,216.213475623
b3404,72.9890030164
b3405,186.16221377
b3406,54.7589423453
b3407,245.219063949
b3408,15.0896170355
b3409,96.9935548552
b3410,5.2913500286
b3411,6.1852814571
b3412,39.1884060699
b3413,49.4401734056
b3414,673.481184957
b3415,26.7993018844
b3416,112.124686622
b3417,188.584923197
b3418,349.542794849
b3421,16.6876270156
b3422,8.1891998786
b3423_1,20.3330019408
b3423_2,80.2402214411
b3424,76.7550529306
b3425,40.1697527987
b3426,26.8293325966
b3427,8.6561115702
b3428,382.621149933
b3429,364.548323697
b3430,502.619844468
b3431,213.619807067
b3432,427.306035107
b3433,1575.06284837
b3434,21.3567379398
b3437,9.1279954897
b3438,186.276267914
b3439,35.9706930877
b3440,216.448413885
b3441,25.4447720216
b3442,0.4674582029
b3443_1,0
b3443_2,0
b3446,6.3319649869
b3447,161.419238988
b3448,43.7019129052
b3449,72.3755208548
b3450,48.3571222915
b3451,19.8439015513
b3452,17.3962457496
b3453,111.817433614
b3454,337.732600425
b3455,381.876987728
b3456,305.716096916
b3457,203.210201283
b3458,779.141431855
b3459,32.2478509749
b3460,1333.36170794
b3461,428.375408227
b3462,88.4725756429
b3463,101.26190526
b3464,138.669051738
b3465,71.3697221317
b3466,9.6386906745
b3467,66.3660664814
b3468,86.8051873536
b3469,41.1645066219
b3470,41.8400594535
b3471,39.4613083441
b3472,477.484384435
b3473,28.318569891
b3474,10.0607188093
b3475,72.2125222586
b3476,2.1064884519
b3477,0.4180345999
b3478,0.3739878992
b3479,2.3641540291
b3480,2.640400502
b3481,34.3740803347
b3482,5.8997420161
b3483,0.8111166126
b3484,1.1066268074
b3485,74.1826077549
b3486,121.82578324
b3487,93.0898037575
b3488,6.1263889637
b3491,13.7840823377
b3492,51.4996354339
b3493,174.100469682
b3494,15.0083343448
b3495,2188.22036399
b3496,24.1180284375
b3497,39.7658667532
b3498,243.296393946
b3499,77.7835255091
b3500,265.66125977
b3501,7.5922986155
b3502,5.925213323
b3503,12.7471842676
b3504_1,0.2104311967
b3504_2,1.6341352543
b3505,242.077014483
b3506,326.384019041
b3507,10.7798573893
b3508,39.1437541216
b3509,932.614784332
b3510,1319.58254985
b3511,231.226993097
b3512,109.171473857
b3513,43.7653192117
b3514,33.1789259962
b3515,128.481030007
b3516,370.269151937
b3517,374.495590457
b3518,8.5104473822
b3519,92.9836124103
b3520,11.7344834389
b3521,23.0550650974
b3522,88.0244997075
b3523,694.474745836
b3524,46.4041099548
b3525,1.6376349893
b3526,90.92572942
b3527,52.2090983522
b3528,78.7333308126
b3529,33.800608379
b3530,27.0885438628
b3531,12.4735398525
b3532,15.3817928509
b3533,7.8649816723
b3534,26.8183195932
b3535,4.5467398699
b3536,219.870828033
b3537,13.5341200662
b3538,97.788817998
b3539,23.3401968028
b3540,191.777065397
b3541,140.545510329
b3542,73.5055660047
b3543,82.7564222275
b3544,1366.71091437
b3546,25.1729258676
b3547,3.5950975594
b3548,76.0755847192
b3549,74.9106548622
b3550,31.41045146
b3551,89.9337373164
b3552,32.6380587583
b3553,558.069225784
b3554,414.84256625
b3555,305.735349954
b3556,194.872777109
b3557,9.3331267291
b3558,3.7944255152
b3559,647.310345322
b3560,765.385984923
b3561,8.6750526342
b3562,3.2243308764
b3563,0.4552185071
b3564,6.1186756229
b3565,17.8274744427
b3566,3.570346942
b3567,3.7838680582
b3568,4.3987547748
b3569,32.9236960143
b3570,365.223771704
b3571,14.4425565792
b3572,609.71739226
b3573,8.457567798
b3574,157.724010744
b3575,2.1334436056
b3576,0.843199854
b3577,0
b3578,0.3091952553
b3579,0.7163366674
b3580,2.7996849792
b3581,3.3382898212
b3582,4.5995696506
b3583,11.0794971482
b3584,3.8290892627
b3585,16.1655147206
b3586,2.4235530732
b3587,0.7363716419
b3588,13.6033747062
b3589,0.2075635591
b3590,126.32826924
b3591,104.528454061
b3592,106.272625981
b3593,5.8970437489
b3594,12.2446619491
b3595,4.1695407948
b3596,2.2030680847
b3597,7.4168469799
b3598,8.0058883109
b3599,83.0194513391
b3600,150.807737661
b3601,103.877715499
b3602,149.221513231
b3603,31.7937671846
b3604,21.4425576304
b3605,52.5420476963
b3606,44.4567700354
b3607,259.980956034
b3608,312.239282062
b3609,520.676615896
b3610,112.841683313
b3611,318.978383719
b3612,621.163800821
b3613,198.994285537
b3614,76.3265916202
b3615,0.4521427063
b3616,80.4924398801
b3617,70.6768701913
b3618,81.7322691382
b3619,716.89187483
b3620,236.246084565
b3621,91.3048781248
b3622,134.461589836
b3623,88.1570962663
b3624,49.4250473313
b3625,61.803952475
b3626,65.5320333935
b3627,69.9045552296
b3628,65.1213981091
b3629,65.2213685853
b3630,74.2050708471
b3631,95.2551156517
b3632,96.6888341957
b3633,204.807947447
b3634,41.2627915521
b3635,21.5074798139
b3636,542.680698582
b3637,629.848359042
b3638,16.5898424248
b3639,177.203709266
b3640,236.298158411
b3641,244.919390231
b3642,17.6745519933
b3643_1,177.622740543
b3643_2,0
b3644,271.861563324
b3645,7.2574435372
b3646,7.9186893801
b3647,6.5259617857
b3648,308.82420763
b3649,177.229099172
b3650,465.631418956
b3651,167.808956975
b3652,140.155088833
b3653,50.4842020893
b3654,355.931229687
b3655,108.627674043
b3656,9.9223720967
b3657,1.368585854
b3659,1.263627395
b3660,39.0072823527
b3661,428.090814338
b3662,23.4681943423
b3663,15.2901096314
b3664,1.9475025818
b3665,21.3970253246
b3666,1.3524056701
b3667,15.4807812516
b3668,25.0907833874
b3669,115.217677428
b3670,183.022357937
b3671,607.702013726
b3672,7.8069973958
b3673,1.7988563285
b3674,6.8196525769
b3675,9.5212747929
b3676,14.3751340409
b3677,20.6756006326
b3678,4.3231225455
b3679,1.9819491182
b3680,8.372413913
b3683,1.4213876866
b3684,3.5221508874
b3685,54.9789634919
b3686,12.3426771658
b3687,64.2250988151
b3688,72.010636404
b3689,56.1682117506
b3690,4.8035141303
b3691,4.5683674853
b3693,7.3676268778
b3696,15.6748499059
b3697,238.573338903
b3698,67.206287671
b3699,329.022775905
b3700,58.1153310755
b3701,228.818199731
b3702,363.395823378
b3703,125.773784193
b3704,442.471700508
b3705,883.945746728
b3706,122.257615595
b3707,0
b3708,11.6555738639
b3709,0.7582557334
b3710,8.7096974081
b3711,29.0774427529
b3712,53.8391628108
b3713,124.759232662
b3714,359.769795793
b3715,48.4947619154
b3716,5.2147622631
b3717,17.2807380935
b3718,6.2099257891
b3719,2.5596278231
b3720,1.9426714495
b3721,1.8988997773
b3722,1.2130717563
b3723,0.9438203616
b3724,94.9102977995
b3725,144.331446165
b3726,52.3158894264
b3727,57.5596262692
b3728,173.706886279
b3729,1040.88463248
b3730,666.297072124
b3731,1219.89093639
b3732,3021.24725272
b3733,2427.2330183
b3734,3639.58768833
b3735,1392.41401368
b3736,2071.01387745
b3737,618.448255006
b3738,1226.57854119
b3739,277.103161624
b3740,76.3299797416
b3741,224.882297209
b3742,419.031192646
b3743,40.3613281194
b3744,61.6266937033
b3745,39.8530231042
b3746,70.843386979
b3747,53.9225020921
b3748,78.9804600161
b3749,45.6061005297
b3750,54.8362195853
b3751,159.37695401
b3752,89.5965233921
b3753,19.4636928315
b3754,17.4284194617
b3755,115.247980576
b3764,758.798738191
b3765,7.0767689294
b3766,115.427273745
b3769,18.4197180352
b3770,444.719232347
b3771,196.009352923
b3772,147.368626421
b3773,12.4420534878
b3774,4848.70109642
b3775,199.764152853
b3777_1,4.6023227618
b3777_2,11.9432104309
b3778,83.8127783921
b3779,261.952406669
b3780,708.141037721
b3781,693.417560152
b3783,1453.5818387
b3784,219.399178677
b3785,143.905792417
b3786,190.591163572
b3787,141.206724633
b3788,96.8000339602
b3789,80.0759957008
b3790,57.2393806938
b3791,126.614282358
b3792,39.7917232405
b3793,21.5753216513
b3794,63.6922749186
b3795,105.980071838
b3800,4.273975533
b3801,10.5706247684
b3802,198.987208277
b3803,181.057152815
b3804,97.4520088638
b3805,216.719863076
b3806,469.67992851
b3807,79.6111879905
b3809,98.2263940049
b3810,95.4984104022
b3811,185.254899404
b3812,139.442800358
b3813,132.773377537
b3816,157.454699803
b3817,3.7054483108
b3818,0.626494198
b3819,36.6582656809
b3820,127.705688596
b3821,129.916301927
b3822,108.426172838
b3823,88.7781209608
b3824,64.7705675988
b3825,140.275841426
b3826,116.566433462
b3827,27.9171441398
b3828,114.207541581
b3829,7955.8694539
b3830,214.350779979
b3831,345.019125799
b3832,20.5450690974
b3833,395.807106613
b3834,152.080614928
b3835,99.7639256858
b3836,285.228982416
b3838,443.621680912
b3839,255.524818022
b3842,49.0639404806
b3843,255.405152673
b3844,208.367338272
b3845,35.9918165781
b3846,40.0001659495
b3847,337.440101371
b3848,69.911915407
b3849,69.2692868506
b3850,106.811647224
b3856,28.5066606113
b3857,42.2513535603
b3858,58.6072830177
b3859,162.735799167
b3860,671.746536648
b3861,3.3139167447
b3862,26.5307672734
b3863,177.373231092
b3865,145.076976137
b3866,282.342941557
b3867,197.471711401
b3868,172.437128058
b3869,182.241202738
b3870,3445.85859191
b3871,1509.18127732
b3872,16.6196022127
b3873,20.1785443159
b3874,3.5980455091
b3875,1.4844989145
b3876,2.2517337027
b3877,2.4461318763
b3878,1.2766749016
b3879,2.8933666864
b3880,8.498466408
b3881,4.3048245954
b3882,1.9353929555
b3883,8.0080760354
b3884,58.4354484263
b3885,75.9836876741
b3886,57.9430562683
b3887,89.2808961528
b3888,114.750266734
b3889,1.1183214188
b3890,0.709727036
b3891,181.726152608
b3892,25.8474718174
b3893,32.4766634294
b3894,163.135752555
b3895,63.5154958259
b3896,5.0708295616
b3897,2.8067945427
b3898,7.8054223422
b3899,2.1773474551
b3900,0.8827248472
b3901,0.757344252
b3902,2.671189731
b3903,2.5667287585
b3904,1.563429828
b3905,5.8492466901
b3906,2.2283797906
b3907,7.072344383
b3908,3042.73099588
b3909,9.2874238482
b3910,64.6457417246
b3911,170.293285506
b3912,393.112809165
b3915,152.021602737
b3916,578.676178065
b3917,112.535560431
b3918,29.3375671789
b3919,1801.19151634
b3920,106.618426501
b3921,23.1698916875
b3922,43.4966713696
b3923,118.478363718
b3924,184.130463966
b3925,85.7548326559
b3926,37.2102623149
b3927,5.1978556223
b3928,432.189342437
b3929,409.432464251
b3930,54.7946979998
b3931,416.586123876
b3932,182.147221977
b3933,197.206978645
b3934,113.232833165
b3935,67.0120391458
b3936,470.141126149
b3937,23.0156713004
b3938,125.63836186
b3939,209.075214437
b3940,244.892441455
b3941,676.417167851
b3942,415.786952935
b3943,10.8777010378
b3944,2.5389680172
b3945,21.3699528377
b3946,5.9249455849
b3947,2.6276125496
b3949,1.6847027843
b3950,0
b3951,6.6996629329
b3952,2.9566630106
b3953,2.3058934783
b3954,50.2667382467
b3955,260.125617285
b3956,1706.48818949
b3957,422.047172137
b3958,467.651697911
b3959,337.980645065
b3960,446.934552943
b3961,317.616025382
b3962,419.778467634
b3963,176.730439154
b3964,62.4167507523
b3965,189.200933429
b3966,150.768902885
b3967,131.478031071
b3972,135.466317776
b3973,65.4133202127
b3974,145.66874838
b3980,468.911560138
b3981,453.174484094
b3982,752.445853408
b3983,2809.15455845
b3984,4904.75666333
b3985,7181.91835282
b3986,6476.71167941
b3987,1840.99875025
b3988,1833.64745226
b3989,22.8923428001
b3990,655.545823669
b3991,640.366894344
b3992,577.741002062
b3993,627.861115756
b3994,972.700005691
b3995,223.822749518
b3996,93.7731434039
b3997,170.537989649
b3998,101.010053458
b3999,129.462549447
b4000,1191.726859
b4001,66.5943053963
b4002,3.338882853
b4003,6.1072166875
b4004,6.9565134335
b4005,511.651208325
b4006,638.195901415
b4011,3.4870705
b4012,21.5151424549
b4013,554.803522254
b4014,3466.43471253
b4015,4281.8172758
b4016,436.888592121
b4017,2.4543366408
b4018,200.86238537
b4019,396.683178868
b4020,54.2849652781
b4021,22.9828750361
b4022,142.211369394
b4023,45.428813298
b4024,1497.04592828
b4025,1012.51532012
b4026,4.1804119803
b4027,2.0976908477
b4028,2.027959527
b4029,10.3476898667
b4030,25.4627054198
b4031,3.5300938538
b4032,18.0149986728
b4033,38.7403369365
b4034,226.215198619
b4035,48.4117305146
b4036,117.358581218
b4037,85.5378105657
b4038_1,0
b4038_3,0.6524777759
b4039,76.0452923359
b4040,68.7673038499
b4041,247.734109292
b4042,58.4493851474
b4043,227.972613956
b4044,15.0945494315
b4045,7.4968859058
b4046,92.8198299109
b4047,0
b4048,0.998223734
b4049,84.3900389694
b4050,0
b4051,148.25670595
b4052,265.977102805
b4053,108.366122583
b4054,499.375809735
b4055,20.7562275242
b4056,103.872982489
b4057,32.9678536453
b4058,160.580467659
b4059,259.721465143
b4060,23.6111149897
b4061,23.0752887778
b4062,70.8662524177
b4063,10.6971020644
b4064,146.402603012
b4065,57.7023358284
b4066,0.4905575851
b4067,31.9526494786
b4068,15.4792626671
b4069,197.597643
b4070,8.4460616629
b4071,3.4811684114
b4072,1.1752176272
b4073,2.3899619557
b4074,1.7555080393
b4075,1.0271707313
b4076,1.8448183259
b4077,43.9709921573
b4078,123.802904318
b4079,16.2331932332
b4080,2.2684247436
b4081,1.4649517313
b4082,0.3828274265
b4083,1.550329651
b4084,10.9546704448
b4085,5.2110555179
b4086,0.6464170215
b4087,1.1329744942
b4088,9.44082638
b4089,56.8540170884
b4090,8.2378858796
b4092,24.3197764464
b4093,18.0700675691
b4094,4.2446590147
b4095,1.5823552397
b4096,0
b4097,0.2054472999
b4098,0.4668957869
b4099,1.1813708319
b4100,0
b4101,0
b4102,0.8731520154
b4104_1,0
b4104_2,0
b4105,1.7072523321
b4106,0.5929365111
b4107,50.0018703285
b4108,62.3196222933
b4109,16.236417468
b4110,6.98953217
b4111,303.810888622
b4112,30.3267606442
b4113,51.9758237572
b4114,6.3391472609
b4115,3.2879639374
b4116,3.8059261097
b4117,4.9443890292
b4118,23.7763672835
b4119,13.8044013312
b4120,8.6150967516
b4121,19.6595893849
b4122,8.1587772282
b4123,2.2258587611
b4124,51.3150241564
b4125,47.0341603773
b4126,4.7551782711
b4127,13.2185546442
b4128,1.5718786703
b4129,121.227393588
b4130,10.3998807557
b4131,1.1380751519
b4132,0.8880106247
b4133,6.9334024359
b4135,196.873935355
b4136,78.7735786181
b4137,61.1902525618
b4138,414.77326481
b4139,74.7044707532
b4140,20.466305451
b4141,55.6097532868
b4142,217.959182073
b4143,1853.23805779
b4144,292.435982372
b4145,10.0607043426
b4146,124.745700968
b4147,1532.34133826
b4148,9.1032025758
b4149,88.6085723627
b4150,51.6334462329
b4151,19.4595307711
b4152,17.3531337717
b4153,31.7310239878
b4154,74.2877734053
b4155,53.502356491
b4156,2.8787397606
b4157,0.9882275185
b4158,3.9852573001
b4159,41.1687668926
b4160,234.550119557
b4161,209.287984392
b4162,91.5173040743
b4166,62.1702044382
b4167,111.434412659
b4168,89.7777058321
b4169,84.6415903071
b4170,115.464084844
b4171,582.202560921
b4172,604.270795571
b4173,505.19085881
b4174,733.180781216
b4175,646.782936329
b4176,6.6949769801
b4177,2300.43096472
b4178,40.3876798296
b4179,195.479682713
b4180,98.9630241267
b4181,0.774888079
b4182,2.8101170488
b4183,2.3931057884
b4184,1.3790016987
b4185,0.9758746745
b4186,2.6442103147
b4187,55.200909649
b4188,2.8184106122
b4189,14.5573652284
b4190,45.9113845581
b4191,53.5358174771
b4192,8.3763932024
b4193,2.3135417902
b4194,2.3053440631
b4195,4.3997055148
b4196,16.2175083875
b4197,8.5953434009
b4198,8.6982945323
b4199,1.4276560705
b4200,3764.64391486
b4201,1247.78378543
b4202,700.266658597
b4203,2993.11416675
b4204,6.458529535
b4205,0.5938480983
b4206,144.042903881
b4207,447.160766325
b4208,224.050477056
b4209,4.3887700981
b4210,26.0131891601
b4211,27.6243988113
b4212,14.8217932432
b4213,67.6918110666
b4214,67.5194678904
b4215,1.1736184669
b4216,12.6530797335
b4217,33.3244617749
b4218,55.2859876184
b4219,169.083025485
b4220,125.113938275
b4221,84.6835574445
b4222,221.10576979
b4224,6.5811215882
b4225,19.4554182201
b4226,2077.43204924
b4227,22.6064067588
b4230,3.4655760309
b4231,6.8059877881
b4232,523.774661839
b4233,252.00261467
b4234,205.489585074
b4235,198.623748141
b4236,68.8796230176
b4237,7.7942182317
b4238,32.8265916279
b4239,9.1448295568
b4240,8.4110001943
b4241,47.7158739009
b4242,47.0674584354
b4243,2924.44751634
b4244,3829.03431276
b4245,4797.69747397
b4246,266.91627583
b4248,30.409263373
b4249,7.6126541011
b4251,28.142936513
b4252,124.612647911
b4253,11.163837356
b4254,478.29453874
b4255,964.896907755
b4256,86.2900072797
b4257,1.581070803
b4258,667.087848721
b4259,151.176252579
b4260,482.543378194
b4261,73.7563635432
b4262,122.007264016
b4263,61.8751022173
b4264,50.111073946
b4265,12.8417294185
b4266,7.4048913086
b4267,5.1886416714
b4268,4.4759368798
b4269,73.656308007
b4271,49.5066538761
b4277,1.8868875881
b4278,37.3801603117
b4279,11.2694842666
b4280,24.9963733489
b4281,3.4091442373
b4282,0.6245597917
b4284,119.840551947
b4286,1.1947454125
b4287,20.7882938627
b4288,13.774658001
b4289,8.9292351538
b4290,24.3264027274
b4291,26.7472986567
b4292,79.2478869553
b4293,161.023912934
b4294,13.3387836993
b4295,161.957387256
b4296,3.1043139148
b4297,8.2560609114
b4298,2.868647684
b4299,2.2923316282
b4300,13.8592498948
b4301,10.210236481
b4302,15.8631654975
b4303,4.9846119152
b4304,4.7961431616
b4305,4.8559834423
b4306,5.0508341182
b4307,5.4795688864
b4308_1,0
b4308_2,5.2745883095
b4309,7.6202532878
b4310,26.0559931855
b4311,2.4063525774
b4312,117.204788224
b4313,4.1069318142
b4314,328.190722793
b4315,49.3425192277
b4316,25.724769513
b4317,9.3778808717
b4318,5.9275641518
b4319,7.9753790644
b4320,15.6338075801
b4321,6.4609028775
b4322,33.292363248
b4323,20.8438672165
b4324,59.2497456709
b4325,1.8135622763
b4326,4.2000051735
b4327,70.6167963401
b4328,106.713877515
b4329,3.8892446281
b4330,3.9197726789
b4331,11.2489435112
b4332,9.5606407594
b4333,8.0648857264
b4334,3.0722271336
b4335,8.403721983
b4336,34.8584007104
b4337,10.4749889877
b4339,14.1098885538
b4340,34.5486086558
b4341,0
b4342,86.55249086
b4345,17.68658947
b4346,53.1579905054
b4347,5.2797142457
b4348,82.3856267239
b4349,120.72625769
b4350,171.294010917
b4351,80.1670691952
b4352,114.099710849
b4353,8.8338633476
b4354,5.1650531713
b4355,10.0052417344
b4356,6.4826357994
b4357,8.4417371569
b4358,1.3823059128
b4359,105.352033085
b4360,142.29883544
b4361,79.3432024963
b4362,82.449702172
b4363,9.7939499352
b4364,16.1899008562
b4365,1.5034107778
b4366,1.5172934414
b4367,1000.59212148
b4371,134.560074661
b4372,140.887385478
b4373,90.6012303992
b4374,100.209872409
b4375,447.36898501
b4376,905.010047433
b4377,26.167653585
b4378,3.2249457281
b4379,3.8379489019
b4380,6.3165834102
b4381,89.9230085589
b4382,65.8398366703
b4383,431.683287401
b4384,667.680480134
b4385,50.3101048285
b4386,35.2602466188
b4387,35.9258752797
b4388,138.469022309
b4389,112.826074281
b4390,134.308876798
b4391,620.738301075
b4392,105.361154624
b4393,42.0738985049
b4394,60.7836670013
b4395,95.5265737853
b4396,379.67119196
b4397,56.8804454092
b4398,89.2071961636
b4399,25.2157562739
b4400,6.963308839
b4401,750.034507041
b4402,1.6853576311
b4403,39.285513507
b4406,60.0247189323
b4407,72.9052310576
b4409,14.3398717301
b4410,10.6515265038
b4411,132.487040223
b4415,1.5540310624
b4419,0
b4421,0
b4423,0
b4428,8.3400086544
b4453,5.0605566922
b4460,9.1011867839
b4461,55.9561155599
b4462,1.0572254271
b4463,7.3263860081
b4464,9.7991232298
b4465,1.8471795666
b4466,52.3163704041
b4467,25.562740329
b4468,8.9064831822
b4469,179.898642099
b4470,13.8808209584
b4471,6.1863789067
b4472,68.3450797994
b4473,28.2729062274
b4474,3.602553102
b4475,14.4965833439
b4476,8.0498617949
b4477,1.7822315976
b4478,7.5564472785
b4479,34.0381987359
b4480,64.979723081
b4481,70.6371947264
b4482,7.6354179338
b4483,55.5282649674
b4484,89.0847448785
b4485,11.2860015195
b4486,21.5159270768
b4487,18.0798387861
b4488_1,995.661605861
b4488_2,199.03986692
b4490_1,6.7732297249
b4490_2,92.678207263
b4491_1,13.2161061772
b4491_2,0
b4492_1,8.1304257398
b4492_2,0
b4492_3,53.9426831757
b4493_1,762.862072239
b4493_2,93.0063915018
b4494_1,0
b4494_2,0.8032377756
b4495_1,1.2634528164
b4495_2,0.4599114814
b4495_3,0
b4496_1,6.4106407947
b4496_2,10.9938536415
b4497,2.0933612124
b4498_1,58.0737422737
b4498_2,0
b4499_1,9.5010879436
b4499_2,0.7457751606
b4500,3.0820016156
b4501,10.1498156924
b4502,1.2198433431
b4503,0.8734335169
b4504,0
b4505,39.0498022345
b4506,0
b4508,0
b4509,0
b4511,2.5072758157
b4512,3.9231142693
b4513,0
b4514,0.6478836013
b4515,3.4387889699
b4516,0
b4517,24.2653929382
b4518,6.2455979167
b4519,1.8812041918
b4520,0.709727036
b4521_2,1.005549511
b4522,15.6738762007
b4523,16.6907738815
b4524_1,2.1508188866
b4524_2,0
b4525,0
b4526,0
b4527,0
b4529,40.8538535568
b4532,4.443379006
b4533,0
b4535,0
b4536,18.5707171133
b4537,177.499395444
b4538,0
b4539,26.5061321279
b4541,0.7502218922
b4542,1.4324765864
b4543,6.3283482754
b4544,3.2735945368
b4545,0
b4546,7.4753650676
b4547,19.8878450695
b4548,0
b4550,13.5777384426
b4551,12.0569394947
b4552,0.887158795
b4553,4.7025955307
b4554,22.4422135302
b4555,2.1518017463
b4556,6.0838310233
b4557,165.674131053
b4558,88.2320456961
b4559,0
b4561,8.8535984671
b4565,0
b4566,4.2594647062
b4567,1.6615997124
b4568,33.3929305659
b4569_1,3.6203815735
b4569_2,1.329559909
b4570_1,0
b4570_2,0
b4571_1,227.680818004
b4571_2,34.4635881017
b4572,4.38241754
b4573_1,4.2984862123
b4573_2,0
b4573_3,1.099577098
b4575_1,0.6028569418
b4575_2,32.2600405145
b4576,3.2768357195
b4578,0.7212006832
b4579_1,1.3973877439
b4579_2,1.518616065
b4580_1,4.9718914795
b4580_2,12.2447213965
b4581_1,0
b4581_2,32.7095188715
b4582_1,7.4246313681
b4582_2,4.3411084185
b4586,0.8221636831
b4587_1,14.9870586991
b4587_2,30.8085139836
b4589,0
b4590,0
b4592,1.6610632757
b4593,0.8922282738
b4594,2.1147632702
b4595,103.899308427
b4596,11.2404681952
b4598,12.2307442741
b4599,8.9059853122
b4600_1,0
b4600_2,2.8833189169
b4601,0
b4602,6.061545928
b4606,0
b4613,1.8369405637
b4615_1,1.4281092797
b4618,0
b4620,1.9700024266
b4621,0
b4622,0.5636821225
b4623_1,6.1391453229
b4623_2,3.308049744
b4623_3,1.7455717704
b4627,0.7001791387
b4628,0
b4630,0
b4631,0
b4633,16.9418113024
b4634,0
b4636,0
b4637,17.0302510276
b4639,0
b4640_1,33.1781775119
b4640_2,3.1227989583
b4641,5.9191338186
b4642,0
b4644_1,0
b4646_1,0
b4646_2,4.1838581622
b4647,0
b4648,0
b4649,0
b4650,0
b4651_1,0
b4651_2,0.5517312647
b4652_2,0
b4653,0
b4655,0
b4656,19.0261433663
b4657,0
b4658_1,6.1801982169
b4658_2,7.942166986
b4659_1,33.7164935995
b4659_2,34.8120175517
b4660_1,1.4543789741
b4660_2,0.7524816767
b4661,7.4942126986
b4662,8.2947470594
b4663,44.7064075948
b4664,0
b4668,0
b4669,4.6023227618
b4671,0
b4672,0
b4673,0
b4675,0
b4676,5.5160067945
b4678,0
b4679,1.8369405637
b4680,2.1389033961
b4682,0
b4684,0
b4685,0
b4686,6.9705333891
b4687,4.822691848
b4688,4.5973854902
b4692,0
b4693,1.256125972
b4694,4.8670648187
b4696_1,5.0446937275
b4696_2,7.666619004
b4697,0
b4702,5.6778162879
b4703,0
b4705,48.918799406
